1646738296518402576,1.0123814392,1.211866855621338,0.8244767189025879,0.0,1.4657363891601562,-0.4113285541534424,34.22886657714844,44.0
1646738296528584957,1.0123814392,1.0548146963119507,-0.03297906741499901,0.0,1.0553301572799683,-0.23504488170146942,-1.7907847166061401,44.0
1646738296571291923,1.0134799957,1.053267002105713,-0.06595813482999802,0.0,1.0553301572799683,-0.35256731510162354,-3.5833218097686768,59.0
1646738296647570610,0.9804312134,1.0255142450332642,-0.03206298127770424,0.0,1.0260154008865356,-0.35256731510162354,-1.7907847166061401,58.599998474121094
1646738296719998121,0.9318599701,0.9962139129638672,0.03114689700305462,0.0,0.9967007040977478,-0.35256731510162354,1.7907847166061401,56.900001525878906
1646738296789388895,0.9189353943,0.9631254076957703,0.090692438185215,0.0,0.96738600730896,-0.2938061058521271,5.379378795623779,58.79999923706055
1646738296845351934,0.9084024811,0.9439567923545837,0.2116156816482544,0.0,0.96738600730896,-0.23504488170146942,12.635625839233398,56.70000076293945
1646738296922959327,0.9734326172,0.9631254076957703,0.090692438185215,0.0,0.96738600730896,-0.17628365755081177,5.379378795623779,60.0
1646738296932441949,0.9734326172,0.9631254076957703,0.090692438185215,0.0,0.96738600730896,-0.17628365755081177,5.379378795623779,60.0
1646738296994535446,0.9616416168,0.9631254076957703,0.090692438185215,0.0,0.96738600730896,-0.058761220425367355,5.379378795623779,53.099998474121094
1646738297126336097,0.9474252319,0.4955911636352539,-0.6907282471656799,0.0,0.850127100944519,0.35256731510162354,-54.34090805053711,44.79999923706055
1646738297189890384,0.9718840027,0.4257579445838928,-0.7695115804672241,0.0,0.8794417977333069,0.35256731510162354,-61.04497146606445,47.0
1646738297254093170,0.9005128479,0.9669135212898254,0.030230812728405,0.0,0.96738600730896,0.23504488170146942,1.7907847166061401,45.099998474121094
1646738297322980880,0.9180041504,1.1059619188308716,0.9618895053863525,0.0,1.4657363891601562,0.4113285541534424,41.01449966430664,55.29999923706055
1646738297390841007,0.9330986023,0.9967007040977478,-0.0,0.0,0.9967007040977478,0.35256731510162354,-0.0,46.79999923706055
1646738297443420171,1.0302838898,1.0179680585861206,-0.12825192511081696,0.0,1.026015281677246,0.4113285541534424,-7.180755615234375,56.29999923706055
1646738297524737596,0.9799046326,1.0423680543899536,-0.16489534080028534,0.0,1.0553300380706787,0.4113285541534424,-8.989299774169922,58.79999923706055
1646738297587077379,0.9799046326,1.0798678398132324,-0.10168546438217163,0.0,1.0846449136734009,0.4113285541534424,-5.3793792724609375,62.900001525878906
1646738297652573108,1.1439864349,1.1002774238586426,-0.17405617237091064,0.0,1.113959550857544,0.35256731510162354,-8.989298820495605,59.400001525878906
1646738297723484754,1.0765296173,1.1343072652816772,-0.14290928840637207,0.0,1.143274188041687,0.23504488170146942,-7.180755615234375,60.900001525878906
1646738297786038160,1.0951687622,1.1343072652816772,-0.14290928840637207,0.0,1.143274188041687,0.11752244085073471,-7.180755615234375,61.099998474121094
1646738298192819356,1.2009725952,1.1382390260696411,-0.10718196630477905,0.0,1.1432743072509766,-0.11752244085073471,-5.3793792724609375,51.20000076293945
1646738298247880697,1.1029844666,1.1427159309387207,-0.03572732210159302,0.0,1.1432743072509766,-0.23504488170146942,-1.7907847166061401,49.099998474121094
1646738298320646762,1.0690498352,1.1134154796600342,-0.03481123596429825,0.0,1.113959550857544,-0.2938061058521271,-1.7907847166061401,62.099998474121094
1646738298388556718,1.1411304474,1.109053373336792,-0.10443370789289474,0.0,1.113959550857544,-0.35256731510162354,-5.3793792724609375,59.900001525878906
1646738298445278167,1.1207403564,1.0825244188308716,-0.06779030710458755,0.0,1.0846449136734009,-0.35256731510162354,-3.5833218097686768,59.70000076293945
1646738298522905349,0.9952507019,1.0506823062896729,-0.09893719851970673,0.0,1.0553301572799683,-0.35256731510162354,-5.379378318786621,58.099998474121094
1646738298528061389,0.9952507019,1.0548146963119507,-0.03297906741499901,0.0,1.0553301572799683,-0.35256731510162354,-1.7907847166061401,58.099998474121094
1646738298600572824,0.9952507019,1.0179680585861206,-0.12825192511081696,0.0,1.026015281677246,-0.2938061058521271,-7.180755615234375,64.4000015258789
1646738298644067287,1.0541252899,1.0214965343475342,0.09618894755840302,0.0,1.026015281677246,-0.2938061058521271,5.3793792724609375,59.20000076293945
1646738298719903707,0.9312516785,0.9888833165168762,-0.12458758801221848,0.0,0.9967007040977478,-0.2938061058521271,-7.180755615234375,58.900001525878906
1646738298784353971,0.9204827118,0.9947521090507507,0.06229379400610924,0.0,0.9967007040977478,-0.23504488170146942,3.5833218097686768,54.900001525878906
1646738298846990108,0.9096696472,0.9669135212898254,0.030230812728405,0.0,0.96738600730896,-0.17628365755081177,1.7907847166061401,58.20000076293945
1646738298919193506,0.9704624939,0.9669135212898254,0.030230812728405,0.0,0.96738600730896,-0.11752244085073471,1.7907847166061401,58.5
1646738298987339019,0.9683172607,0.965494692325592,-0.06046162545681,0.0,0.9673859477043152,-0.058761220425367355,-3.583322048187256,55.29999923706055
1646738299044075489,0.9739345551,0.96738600730896,-0.0,0.0,0.96738600730896,0.058761220425367355,-0.0,51.0
1646738299053466796,0.966428833,0.965494692325592,0.06046162545681,0.0,0.9673859477043152,0.058761220425367355,3.583322048187256,51.0
1646738299118273973,0.8936556244,1.0431069135665894,0.9875398874282837,0.0,1.4364216327667236,0.23504488170146942,43.43253707885742,51.400001525878906
1646738299184086322,0.9032663727,0.965494692325592,-0.06046162545681,0.0,0.9673859477043152,0.17628365755081177,-3.583322048187256,48.599998474121094
1646738299197175979,0.9032663727,0.965494692325592,-0.06046162545681,0.0,0.9673859477043152,0.17628365755081177,-3.583322048187256,48.599998474121094
1646738299245022773,0.9113959503,0.9967007040977478,-0.0,0.0,0.9967007040977478,0.23504488170146942,-0.0,58.099998474121094
1646738299319364547,0.9347483826,0.9923110008239746,-0.09344068914651871,0.0,0.9967007040977478,0.2938061058521271,-5.379378795623779,44.20000076293945
1646738299385513305,1.0426442719,1.2603415250778198,0.8574557304382324,0.0,1.524365782737732,0.4113285541534424,34.22886276245117,54.79999923706055
1646738299441766500,1.0545909119,1.053267002105713,-0.06595813482999802,0.0,1.0553301572799683,0.35256731510162354,-3.5833218097686768,45.79999923706055
1646738299534587621,1.0007823944,1.0366134643554688,-0.19787439703941345,0.0,1.0553301572799683,0.35256731510162354,-10.806922912597656,61.20000076293945
1646738299556897878,1.1058573151,1.0366134643554688,-0.19787439703941345,0.0,1.0553301572799683,0.35256731510162354,-10.806922912597656,61.20000076293945
1646738299587343215,1.1058573151,1.0798678398132324,-0.10168546438217163,0.0,1.0846449136734009,0.2938061058521271,-5.3793792724609375,59.900001525878906
1646738299599321126,1.1058573151,1.0654082298278809,-0.20337092876434326,0.0,1.0846447944641113,0.2938061058521271,-10.806923866271973,59.900001525878906
1646738299642607450,1.1230840302,1.105222463607788,-0.139244943857193,0.0,1.113959550857544,0.2938061058521271,-7.180755615234375,58.79999923706055
1646738299716129541,1.1408930969,1.1002774238586426,-0.17405617237091064,0.0,1.113959550857544,0.23504488170146942,-8.989298820495605,62.599998474121094
1646738299785508871,1.0696646118,1.115585207939148,-0.2500912547111511,0.0,1.143274188041687,0.17628365755081177,-12.635625839233398,60.29999923706055
1646738299844415426,1.0696646118,1.1343072652816772,-0.14290928840637207,0.0,1.143274188041687,0.11752244085073471,-7.180755615234375,64.0
1646738300044348001,1.1959713745,1.1427159309387207,-0.03572732210159302,0.0,1.1432743072509766,-0.058761220425367355,-1.7907847166061401,49.099998474121094
1646738300114391803,1.1912762451,1.1292320489883423,-0.1786366105079651,0.0,1.143274188041687,-0.11752244085073471,-8.989299774169922,45.400001525878906
1646738300184379100,1.0907926941,1.1343072652816772,-0.14290928840637207,0.0,1.143274188041687,-0.11752244085073471,-7.180755615234375,64.19999694824219
1646738300242542743,1.0766022491,1.094202995300293,-0.2088674157857895,0.0,1.113959550857544,-0.17628365755081177,-10.806922912597656,60.79999923706055
1646738300319803237,1.0627697754,1.105222463607788,-0.139244943857193,0.0,1.113959550857544,-0.23504488170146942,-7.180755615234375,58.79999923706055
1646738300326946258,1.0627697754,1.105222463607788,-0.139244943857193,0.0,1.113959550857544,-0.23504488170146942,-7.180755615234375,58.79999923706055
1646738300388038873,1.1289788818,1.0825244188308716,-0.06779030710458755,0.0,1.0846449136734009,-0.2938061058521271,-3.5833218097686768,62.70000076293945
1646738300446755409,1.1177352142,1.1581867933273315,-0.18321704864501953,0.0,1.1725890636444092,-0.11752244085073471,-8.989299774169922,57.70000076293945
1646738300518701791,0.9904154968,1.0548146963119507,0.03297906741499901,0.0,1.0553301572799683,-0.2938061058521271,1.7907847166061401,46.0
1646738300581268072,0.9822029114,1.0134133100509644,-0.1603149026632309,0.0,1.026015281677246,-0.2938061058521271,-8.989299774169922,61.29999923706055
1646738300656227111,1.0237016296,1.0255142450332642,0.03206298127770424,0.0,1.0260154008865356,-0.2938061058521271,1.7907847166061401,63.0
1646738300724878549,1.0250414276,0.9844587445259094,-0.15573447942733765,0.0,0.9967007040977478,-0.23504488170146942,-8.989298820495605,59.20000076293945
1646738300789325714,1.0250414276,0.9962139129638672,-0.03114689700305462,0.0,0.9967007040977478,-0.17628365755081177,-1.7907847166061401,59.79999923706055
1646738300846959114,0.9076022339,0.9669135212898254,-0.030230812728405,0.0,0.96738600730896,-0.11752244085073471,-1.7907847166061401,52.099998474121094
1646738300928211927,0.9039083862,0.9597985148429871,-0.12092325091362,0.0,0.96738600730896,-0.058761220425367355,-7.180755615234375,52.29999923706055
1646738300945512294,0.9039083862,0.9366674423217773,-0.24184650182724,0.0,0.96738600730896,-0.058761220425367355,-14.477511405944824,52.29999923706055
1646738301041914224,0.903995285,0.9597985148429871,-0.12092325091362,0.0,0.96738600730896,0.058761220425367355,-7.180755615234375,44.400001525878906
1646738301132673740,0.9045101929,0.9631254076957703,0.090692438185215,0.0,0.96738600730896,0.11752244085073471,5.379378795623779,51.400001525878906
1646738301195914030,0.9161857605,0.9962139129638672,-0.03114689700305462,0.0,0.9967007040977478,0.17628365755081177,-1.7907847166061401,57.29999923706055
1646738301245913028,0.9229132843,0.9967007040977478,-0.0,0.0,0.9967007040977478,0.23504488170146942,-0.0,56.900001525878906
1646738301256850719,0.9325408936,0.9888833165168762,-0.12458758801221848,0.0,0.9967007040977478,0.23504488170146942,-7.180755615234375,56.900001525878906
1646738301320139884,1.0298182678,1.236104130744934,0.8409662246704102,0.0,1.4950510263442993,0.35256731510162354,34.22886657714844,59.0
1646738301398181915,1.0527867889,1.0134133100509644,-0.1603149026632309,0.0,1.026015281677246,0.2938061058521271,-8.989299774169922,44.5
1646738301440554141,0.9948097229,1.0506823062896729,-0.09893719851970673,0.0,1.0553301572799683,0.2938061058521271,-5.379378318786621,59.099998474121094
1646738301520009517,1.0126434326,1.0654082298278809,-0.20337092876434326,0.0,1.0846447944641113,0.2938061058521271,-10.806923866271973,61.599998474121094
1646738301586395502,1.1120271301,1.0798678398132324,-0.10168546438217163,0.0,1.0846449136734009,0.23504488170146942,-5.3793792724609375,61.599998474121094
1646738301646685838,1.1120271301,1.105222463607788,-0.139244943857193,0.0,1.113959550857544,0.23504488170146942,-7.180755615234375,59.29999923706055
1646738301719907283,1.0727696228,1.094202995300293,-0.2088674157857895,0.0,1.113959550857544,0.17628365755081177,-10.806922912597656,59.599998474121094
1646738301793817043,1.0765503693,1.1382390260696411,-0.10718196630477905,0.0,1.1432743072509766,0.11752244085073471,-5.3793792724609375,60.900001525878906
1646738302131918191,1.082884903,1.105222463607788,-0.139244943857193,0.0,1.113959550857544,-0.11752244085073471,-7.180755615234375,46.400001525878906
1646738302191746473,1.0795230865,1.109053373336792,-0.10443370789289474,0.0,1.113959550857544,-0.17628365755081177,-5.3793792724609375,62.20000076293945
1646738302242063522,1.0693559265,1.1117817163467407,-0.0696224719285965,0.0,1.113959550857544,-0.23504488170146942,-3.5833218097686768,63.0
1646738302386766672,1.1123319244,1.2603415250778198,0.8574557304382324,0.0,1.524365782737732,-0.2938061058521271,34.22886276245117,46.900001525878906
1646738302444221258,1.0156900787,1.053267002105713,0.06595813482999802,0.0,1.0553301572799683,-0.2938061058521271,3.5833218097686768,45.0
1646738302518968343,0.9851963806,1.0506823062896729,-0.09893719851970673,0.0,1.0553301572799683,-0.2938061058521271,-5.379378318786621,58.29999923706055
1646738302588549613,1.0608774567,1.0179680585861206,-0.12825192511081696,0.0,1.026015281677246,-0.23504488170146942,-7.180755615234375,56.900001525878906
1646738302643113374,1.0277767944,0.9967007040977478,-0.0,0.0,0.9967007040977478,-0.23504488170146942,-0.0,58.900001525878906
1646738302719149112,0.9325823975,0.9923110008239746,0.09344068914651871,0.0,0.9967007040977478,-0.17628365755081177,5.379378795623779,59.5
1646738302784088611,0.9165139008,0.9923110008239746,-0.09344068914651871,0.0,0.9967007040977478,-0.11752244085073471,-5.379378795623779,54.79999923706055
1646738302849001646,0.9111430359,0.9631254076957703,-0.090692438185215,0.0,0.96738600730896,-0.058761220425367355,-5.379378795623779,59.400001525878906
1646738302874155521,0.9073674774,0.96738600730896,-0.0,0.0,0.96738600730896,-0.058761220425367355,-0.0,59.400001525878906
1646738302983722209,0.9096268463,0.9555041193962097,-0.1511540710926056,0.0,0.96738600730896,0.058761220425367355,-8.989299774169922,51.900001525878906
1646738302989323616,0.9096268463,0.9555041193962097,-0.1511540710926056,0.0,0.96738600730896,0.058761220425367355,-8.989299774169922,51.900001525878906
1646738303045917272,0.9141611481,0.9962139129638672,-0.03114689700305462,0.0,0.9967007040977478,0.11752244085073471,-1.7907847166061401,55.29999923706055
1646738303114474773,0.919059906,0.9962139129638672,-0.03114689700305462,0.0,0.9967007040977478,0.17628365755081177,-1.7907847166061401,54.0
1646738303185338020,0.9293489838,0.9967007040977478,-0.0,0.0,0.9967007040977478,0.17628365755081177,-0.0,56.70000076293945
1646738303189832687,0.9293489838,0.9844587445259094,-0.15573447942733765,0.0,0.9967007040977478,0.17628365755081177,-8.989298820495605,56.70000076293945
1646738303246635675,1.0418245697,1.0240094661712646,-0.06412596255540848,0.0,1.0260154008865356,0.23504488170146942,-3.5833218097686768,57.599998474121094
1646738303318444728,1.0580448151,1.0179680585861206,-0.12825192511081696,0.0,1.026015281677246,0.23504488170146942,-7.180755615234375,56.20000076293945
1646738303385208129,1.0580448151,1.029771089553833,-0.23085346817970276,0.0,1.0553301572799683,0.23504488170146942,-12.635624885559082,56.599998474121094
1646738303444656372,1.0580448151,1.0548146963119507,-0.03297906741499901,0.0,1.0553301572799683,0.23504488170146942,-1.7907847166061401,61.20000076293945
1646738303514466524,1.0168703461,1.0654082298278809,-0.20337092876434326,0.0,1.0846447944641113,0.23504488170146942,-10.806923866271973,62.79999923706055
1646738303521320819,1.1057730103,1.0841151475906372,-0.03389515355229378,0.0,1.0846449136734009,0.23504488170146942,-1.7907847166061401,62.79999923706055
1646738303584344148,1.1197183228,1.0846449136734009,-0.0,0.0,1.0846449136734009,0.23504488170146942,-0.0,61.400001525878906
1646738303641796827,1.1197183228,1.105222463607788,-0.139244943857193,0.0,1.113959550857544,0.17628365755081177,-7.180755615234375,60.29999923706055
1646738303722101926,1.0665712738,1.105222463607788,-0.139244943857193,0.0,1.113959550857544,0.11752244085073471,-7.180755615234375,58.79999923706055
1646738303735819339,1.0665712738,1.105222463607788,-0.139244943857193,0.0,1.113959550857544,0.11752244085073471,-7.180755615234375,58.79999923706055
1646738303986151695,1.0886539459,1.109053373336792,-0.10443370789289474,0.0,1.113959550857544,-0.058761220425367355,-5.3793792724609375,45.20000076293945
1646738304047334432,1.079787674,1.1117817163467407,-0.0696224719285965,0.0,1.113959550857544,-0.11752244085073471,-3.5833218097686768,45.400001525878906
1646738304122894287,1.0626115417,1.1134154796600342,-0.03481123596429825,0.0,1.113959550857544,-0.11752244085073471,-1.7907847166061401,53.20000076293945
1646738304187455415,1.0641419983,1.109053373336792,-0.10443370789289474,0.0,1.113959550857544,-0.17628365755081177,-5.3793792724609375,52.400001525878906
1646738304243295192,1.1391330719,1.212841510772705,0.9710503220558167,0.0,1.5536805391311646,-0.23504488170146942,38.68218994140625,56.099998474121094
1646738304316782236,1.1146353912,1.0761377811431885,-0.1355806142091751,0.0,1.0846449136734009,-0.23504488170146942,-7.180755615234375,47.20000076293945
1646738304382242441,0.9994996643,1.053267002105713,-0.06595813482999802,0.0,1.0553301572799683,-0.23504488170146942,-3.5833218097686768,63.5
1646738304442855834,0.9994996643,1.0548146963119507,-0.03297906741499901,0.0,1.0553301572799683,-0.23504488170146942,-1.7907847166061401,60.70000076293945
1646738304520878314,1.0493289948,1.0240094661712646,-0.06412596255540848,0.0,1.0260154008865356,-0.23504488170146942,-3.5833218097686768,60.900001525878906
1646738304584637165,1.0396650696,1.0134133100509644,-0.1603149026632309,0.0,1.026015281677246,-0.23504488170146942,-8.989299774169922,61.099998474121094
1646738304646060943,1.0425080872,0.9844587445259094,-0.15573447942733765,0.0,0.9967007040977478,-0.17628365755081177,-8.989298820495605,62.70000076293945
1646738304715849637,1.0238222504,0.9962139129638672,-0.03114689700305462,0.0,0.9967007040977478,-0.11752244085073471,-1.7907847166061401,53.20000076293945
1646738304790550470,0.9228043365,0.9650513529777527,-0.24917517602443695,0.0,0.9967007637023926,-0.058761220425367355,-14.477511405944824,50.5
1646738304927738904,0.9149821472,0.9888833165168762,0.12458758801221848,0.0,0.9967007040977478,0.058761220425367355,7.180755615234375,47.29999923706055
1646738304936501264,0.9149821472,0.9962139129638672,-0.03114689700305462,0.0,0.9967007040977478,0.058761220425367355,-1.7907847166061401,47.29999923706055
1646738304991863965,0.9204736328,0.9962139129638672,-0.03114689700305462,0.0,0.9967007040977478,0.058761220425367355,-1.7907847166061401,51.5
1646738305047221660,0.9250961304,0.9923110008239746,-0.09344068914651871,0.0,0.9967007040977478,0.11752244085073471,-5.379378795623779,54.29999923706055
1646738305118689537,1.0223034668,0.9967007040977478,-0.0,0.0,0.9967007040977478,0.17628365755081177,-0.0,54.599998474121094
1646738305188492298,1.0355056,1.0240094661712646,-0.06412596255540848,0.0,1.0260154008865356,0.17628365755081177,-3.5833218097686768,60.20000076293945
1646738305244592905,1.0574961853,1.0214965343475342,-0.09618894755840302,0.0,1.026015281677246,0.23504488170146942,-5.3793792724609375,59.70000076293945
1646738305255429983,0.9835076904,1.0214965343475342,-0.09618894755840302,0.0,1.026015281677246,0.23504488170146942,-5.3793792724609375,59.70000076293945
1646738305316345691,0.9835076904,1.0548146963119507,-0.03297906741499901,0.0,1.0553301572799683,0.23504488170146942,-1.7907847166061401,56.5
1646738305328298807,0.9939186859,1.0470528602600098,-0.13191626965999603,0.0,1.0553300380706787,0.23504488170146942,-7.180756092071533,56.5
1646738305384043216,1.0096940613,1.0506823062896729,-0.09893719851970673,0.0,1.0553301572799683,0.23504488170146942,-5.379378318786621,59.599998474121094
1646738305444949388,1.10590271,1.0761377811431885,-0.1355806142091751,0.0,1.0846449136734009,0.23504488170146942,-7.180755615234375,58.20000076293945
1646738305518764972,1.1090660858,1.0825244188308716,-0.06779030710458755,0.0,1.0846449136734009,0.17628365755081177,-3.5833218097686768,63.0
1646738305526284217,1.1090660858,1.0583758354187012,-0.23726607859134674,0.0,1.0846449136734009,0.17628365755081177,-12.635625839233398,63.0
1646738305588566303,1.1090660858,1.1134154796600342,-0.03481123596429825,0.0,1.113959550857544,0.17628365755081177,-1.7907847166061401,60.79999923706055
1646738305597779273,1.1090660858,1.1002774238586426,-0.17405617237091064,0.0,1.113959550857544,0.17628365755081177,-8.989298820495605,60.79999923706055
1646738305641232967,1.1354924011,1.1002774238586426,-0.17405617237091064,0.0,1.113959550857544,0.11752244085073471,-8.989298820495605,59.400001525878906
1646738305647798061,1.1354924011,1.113959550857544,-0.0,0.0,1.113959550857544,0.11752244085073471,-0.0,59.400001525878906
1646738305719069480,1.0628553772,1.1002774238586426,-0.17405617237091064,0.0,1.113959550857544,0.058761220425367355,-8.989298820495605,60.79999923706055
1646738306045338392,1.0688085938,1.1002774238586426,-0.17405617237091064,0.0,1.113959550857544,-0.11752244085073471,-8.989298820495605,45.900001525878906
1646738306055765867,1.1352459717,1.1134154796600342,-0.03481123596429825,0.0,1.113959550857544,-0.11752244085073471,-1.7907847166061401,45.900001525878906
1646738306119930982,1.1297505951,1.109053373336792,-0.10443370789289474,0.0,1.113959550857544,-0.17628365755081177,-5.3793792724609375,60.099998474121094
1646738306241537570,1.1133202362,1.0841151475906372,-0.03389515355229378,0.0,1.0846449136734009,-0.17628365755081177,-1.7907847166061401,45.0
1646738306253693580,1.0080118561,1.0713227987289429,-0.1694757640361786,0.0,1.0846449136734009,-0.17628365755081177,-8.989298820495605,45.0
1646738306319005250,1.0041921997,1.0506823062896729,-0.09893719851970673,0.0,1.0553301572799683,-0.23504488170146942,-5.379378318786621,60.599998474121094
1646738306325979232,1.0041921997,1.1517926454544067,-0.21986044943332672,0.0,1.1725889444351196,-0.11752244085073471,-10.806922912597656,60.599998474121094
1646738306387273311,1.0041921997,1.053267002105713,-0.06595813482999802,0.0,1.0553301572799683,-0.23504488170146942,-3.5833218097686768,44.0
1646738306393610715,1.0041921997,1.0506823062896729,0.09893719851970673,0.0,1.0553301572799683,-0.23504488170146942,5.379378318786621,44.0
1646738306440566062,0.9796543121,1.0260154008865356,-0.0,0.0,1.0260154008865356,-0.17628365755081177,-0.0,59.20000076293945
1646738306451363086,0.9791160583,1.0214965343475342,-0.09618894755840302,0.0,1.026015281677246,-0.17628365755081177,-5.3793792724609375,59.20000076293945
1646738306518045902,0.9791160583,1.0260154008865356,-0.0,0.0,1.0260154008865356,-0.17628365755081177,-0.0,54.099998474121094
1646738306588978767,1.0484353638,1.0255142450332642,-0.03206298127770424,0.0,1.0260154008865356,-0.17628365755081177,-1.7907847166061401,60.900001525878906
1646738306643048524,1.0362682343,0.9962139129638672,-0.03114689700305462,0.0,0.9967007040977478,-0.11752244085073471,-1.7907847166061401,60.0
1646738306717822790,0.9312711334,0.9923110008239746,-0.09344068914651871,0.0,0.9967007040977478,-0.058761220425367355,-5.379378795623779,56.599998474121094
1646738306725519180,0.9312711334,0.9725615382194519,-0.21802827715873718,0.0,0.9967007040977478,-0.058761220425367355,-12.635625839233398,56.599998474121094
1646738306984794378,0.9344422913,0.9844587445259094,-0.15573447942733765,0.0,0.9967007040977478,0.11752244085073471,-8.989298820495605,49.900001525878906
1646738307043070793,1.043465271,1.0240094661712646,0.06412596255540848,0.0,1.0260154008865356,0.17628365755081177,3.5833218097686768,57.099998474121094
1646738307119736671,1.0568230438,1.0260154008865356,-0.0,0.0,1.0260154008865356,0.17628365755081177,-0.0,57.70000076293945
1646738307125598430,1.0568230438,1.0214965343475342,-0.09618894755840302,0.0,1.026015281677246,0.17628365755081177,-5.3793792724609375,57.70000076293945
1646738307185122728,0.9797904968,1.0255142450332642,-0.03206298127770424,0.0,1.0260154008865356,0.17628365755081177,-1.7907847166061401,62.099998474121094
1646738307252134323,0.9890640259,1.0506823062896729,-0.09893719851970673,0.0,1.0553301572799683,0.17628365755081177,-5.379378318786621,60.599998474121094
1646738307258427143,0.9890640259,1.053267002105713,0.06595813482999802,0.0,1.0553301572799683,0.17628365755081177,3.5833218097686768,60.599998474121094
1646738307319946289,1.0044113922,1.0470528602600098,-0.13191626965999603,0.0,1.0553300380706787,0.17628365755081177,-7.180756092071533,62.29999923706055
1646738307390971660,1.1095861816,1.0825244188308716,-0.06779030710458755,0.0,1.0846449136734009,0.17628365755081177,-3.5833218097686768,59.900001525878906
1646738307398661613,1.1095861816,1.0825244188308716,-0.06779030710458755,0.0,1.0846449136734009,0.17628365755081177,-3.5833218097686768,59.900001525878906
1646738307441281795,1.1179712677,1.0798678398132324,-0.10168546438217163,0.0,1.0846449136734009,0.17628365755081177,-5.3793792724609375,58.099998474121094
1646738307518108367,1.1310216522,1.0825244188308716,-0.06779030710458755,0.0,1.0846449136734009,0.11752244085073471,-3.5833218097686768,61.099998474121094
1646738307523978948,1.1310216522,1.0825244188308716,-0.06779030710458755,0.0,1.0846449136734009,0.11752244085073471,-3.5833218097686768,61.099998474121094
1646738307582514762,1.1302732849,1.094202995300293,-0.2088674157857895,0.0,1.113959550857544,0.11752244085073471,-10.806922912597656,60.599998474121094
1646738308004991531,1.1310877991,1.1134154796600342,-0.03481123596429825,0.0,1.113959550857544,-0.11752244085073471,-1.7907847166061401,45.29999923706055
1646738308016067266,1.1310877991,1.105222463607788,-0.139244943857193,0.0,1.113959550857544,-0.11752244085073471,-7.180755615234375,45.29999923706055
1646738308041393041,1.1310877991,1.0825244188308716,-0.06779030710458755,0.0,1.0846449136734009,-0.11752244085073471,-3.5833218097686768,60.29999923706055
1646738308048902750,1.1310877991,1.0825244188308716,-0.06779030710458755,0.0,1.0846449136734009,-0.11752244085073471,-3.5833218097686768,60.29999923706055
1646738308127374172,1.1194433594,1.0761377811431885,-0.1355806142091751,0.0,1.0846449136734009,-0.17628365755081177,-7.180755615234375,55.79999923706055
1646738308135180711,1.1194433594,1.0846449136734009,-0.0,0.0,1.0846449136734009,-0.17628365755081177,-0.0,55.79999923706055
1646738308185528516,1.0142089081,1.0825244188308716,-0.06779030710458755,0.0,1.0846449136734009,-0.17628365755081177,-3.5833218097686768,58.70000076293945
1646738308201585769,1.0142089081,1.0825244188308716,-0.06779030710458755,0.0,1.0846449136734009,-0.17628365755081177,-3.5833218097686768,58.70000076293945
1646738308244361639,1.0013608551,1.0506823062896729,-0.09893719851970673,0.0,1.0553301572799683,-0.17628365755081177,-5.379378318786621,58.599998474121094
1646738308253176212,0.9918240356,1.0506823062896729,-0.09893719851970673,0.0,1.0553301572799683,-0.17628365755081177,-5.379378318786621,58.599998474121094
1646738308321507930,0.9854220581,1.053267002105713,-0.06595813482999802,0.0,1.0553301572799683,-0.17628365755081177,-3.5833218097686768,59.79999923706055
1646738308388466119,1.0621627808,1.0214965343475342,-0.09618894755840302,0.0,1.026015281677246,-0.17628365755081177,-5.3793792724609375,62.599998474121094
1646738308394459724,1.0621627808,1.0255142450332642,-0.03206298127770424,0.0,1.0260154008865356,-0.17628365755081177,-1.7907847166061401,62.599998474121094
1646738308442217826,1.0601641083,1.0179680585861206,-0.12825192511081696,0.0,1.026015281677246,-0.17628365755081177,-7.180755615234375,61.599998474121094
1646738308450880050,1.0601641083,1.0255142450332642,0.03206298127770424,0.0,1.0260154008865356,-0.17628365755081177,1.7907847166061401,61.599998474121094
1646738308518591642,1.0304499054,1.0240094661712646,-0.06412596255540848,0.0,1.0260154008865356,-0.11752244085073471,-3.5833218097686768,55.70000076293945
1646738308533738613,1.0304499054,1.0240094661712646,-0.06412596255540848,0.0,1.0260154008865356,-0.11752244085073471,-3.5833218097686768,55.70000076293945
1646738308584013938,1.0467414856,1.0255142450332642,-0.03206298127770424,0.0,1.0260154008865356,-0.11752244085073471,-1.7907847166061401,54.29999923706055
1646738308594979524,1.0467414856,1.0255142450332642,-0.03206298127770424,0.0,1.0260154008865356,-0.11752244085073471,-1.7907847166061401,54.29999923706055
1646738308645020246,1.0420243073,0.9947521090507507,-0.06229379400610924,0.0,0.9967007040977478,-0.058761220425367355,-3.5833218097686768,56.70000076293945
1646738308661800622,1.0314226532,0.9947521090507507,-0.06229379400610924,0.0,0.9967007040977478,-0.058761220425367355,-3.5833218097686768,56.70000076293945
1646738308785377264,1.021316452,0.9725615382194519,-0.21802827715873718,0.0,0.9967007040977478,0.058761220425367355,-12.635625839233398,48.900001525878906
1646738308804139375,1.021316452,0.9725615382194519,-0.21802827715873718,0.0,0.9967007040977478,0.058761220425367355,-12.635625839233398,48.900001525878906
1646738308919160604,1.0343720245,1.0240094661712646,-0.06412596255540848,0.0,1.0260154008865356,0.11752244085073471,-3.5833218097686768,46.70000076293945
1646738308926804542,1.0343720245,1.0240094661712646,-0.06412596255540848,0.0,1.0260154008865356,0.11752244085073471,-3.5833218097686768,46.70000076293945
1646738308987908840,1.0504988861,1.0255142450332642,-0.03206298127770424,0.0,1.0260154008865356,0.11752244085073471,-1.7907847166061401,54.29999923706055
1646738308997067451,1.0504988861,1.0255142450332642,-0.03206298127770424,0.0,1.0260154008865356,0.11752244085073471,-1.7907847166061401,54.29999923706055
1646738309043809890,1.0572471619,1.0255142450332642,-0.03206298127770424,0.0,1.0260154008865356,0.17628365755081177,-1.7907847166061401,60.70000076293945
1646738309053070545,1.055871048,1.0255142450332642,-0.03206298127770424,0.0,1.0260154008865356,0.17628365755081177,-1.7907847166061401,60.70000076293945
1646738309118831872,0.9905763245,1.0366134643554688,-0.19787439703941345,0.0,1.0553301572799683,0.17628365755081177,-10.806922912597656,56.900001525878906
1646738309184009313,0.9931560516,1.0548146963119507,0.03297906741499901,0.0,1.0553301572799683,0.17628365755081177,1.7907847166061401,60.0
1646738309244291067,0.9977007294,1.0423680543899536,-0.16489534080028534,0.0,1.0553300380706787,0.17628365755081177,-8.989299774169922,59.70000076293945
1646738309251689910,1.1069078827,1.0423680543899536,-0.16489534080028534,0.0,1.0553300380706787,0.17628365755081177,-8.989299774169922,59.70000076293945
1646738309319771289,1.0109482574,1.0825244188308716,-0.06779030710458755,0.0,1.0846449136734009,0.17628365755081177,-3.5833218097686768,61.400001525878906
1646738309333222150,1.0109482574,1.0654082298278809,-0.20337092876434326,0.0,1.0846447944641113,0.17628365755081177,-10.806923866271973,61.400001525878906
1646738309385621309,1.1143254089,1.0761377811431885,-0.1355806142091751,0.0,1.0846449136734009,0.11752244085073471,-7.180755615234375,58.099998474121094
1646738309394586086,1.1143254089,1.0761377811431885,-0.1355806142091751,0.0,1.0846449136734009,0.11752244085073471,-7.180755615234375,58.099998474121094
1646738309444459915,1.1183642578,1.0761377811431885,-0.1355806142091751,0.0,1.0846449136734009,0.11752244085073471,-7.180755615234375,66.0999984741211
1646738309459666967,1.1183642578,1.0846449136734009,-0.0,0.0,1.0846449136734009,0.11752244085073471,-0.0,66.0999984741211
1646738309515659570,1.1183642578,1.0846449136734009,-0.0,0.0,1.0846449136734009,0.058761220425367355,-0.0,61.400001525878906
1646738309528497695,1.1367530823,1.0846449136734009,-0.0,0.0,1.0846449136734009,0.058761220425367355,-0.0,61.400001525878906
1646738309588839769,1.1317246246,1.105222463607788,-0.139244943857193,0.0,1.113959550857544,0.058761220425367355,-7.180755615234375,47.5
1646738309917760610,1.1277363586,1.0761377811431885,-0.1355806142091751,0.0,1.0846449136734009,-0.11752244085073471,-7.180755615234375,45.099998474121094
1646738309924733877,1.1277363586,1.0761377811431885,-0.1355806142091751,0.0,1.0846449136734009,-0.11752244085073471,-7.180755615234375,45.099998474121094
1646738309983667373,1.1121710968,1.0825244188308716,-0.06779030710458755,0.0,1.0846449136734009,-0.11752244085073471,-3.5833218097686768,61.29999923706055
1646738309988437414,1.1121710968,1.0654082298278809,-0.20337092876434326,0.0,1.0846447944641113,-0.11752244085073471,-10.806923866271973,61.29999923706055
1646738310042913198,1.1081906128,1.0825244188308716,-0.06779030710458755,0.0,1.0846449136734009,-0.11752244085073471,-3.5833218097686768,59.29999923706055
1646738310049773454,1.1081906128,1.0825244188308716,-0.06779030710458755,0.0,1.0846449136734009,-0.11752244085073471,-3.5833218097686768,59.29999923706055
1646738310119894027,1.0028134918,1.0798678398132324,-0.10168546438217163,0.0,1.0846449136734009,-0.17628365755081177,-5.3793792724609375,61.0
1646738310131151437,1.0028134918,1.0798678398132324,-0.10168546438217163,0.0,1.0846449136734009,-0.17628365755081177,-5.3793792724609375,61.0
1646738310188345432,1.0072933197,1.053267002105713,-0.06595813482999802,0.0,1.0553301572799683,-0.17628365755081177,-3.5833218097686768,58.5
1646738310198303222,1.0072933197,1.053267002105713,-0.06595813482999802,0.0,1.0553301572799683,-0.17628365755081177,-3.5833218097686768,58.5
1646738310240166187,0.9896606445,1.053267002105713,-0.06595813482999802,0.0,1.0553301572799683,-0.17628365755081177,-3.5833218097686768,61.599998474121094
1646738310383927106,1.0609033966,1.0260154008865356,-0.0,0.0,1.0260154008865356,-0.11752244085073471,-0.0,60.099998474121094
1646738310389485120,1.0609033966,1.0179680585861206,-0.12825192511081696,0.0,1.026015281677246,-0.11752244085073471,-7.180755615234375,60.099998474121094
1646738310441494941,1.0478257751,1.0260154008865356,-0.0,0.0,1.0260154008865356,-0.11752244085073471,-0.0,58.79999923706055
1646738310453592777,1.0353616333,1.0260154008865356,-0.0,0.0,1.0260154008865356,-0.11752244085073471,-0.0,58.79999923706055
1646738310518885374,1.0475417328,1.0260154008865356,-0.0,0.0,1.0260154008865356,-0.058761220425367355,-0.0,60.400001525878906
1646738310529334068,1.0475417328,1.0260154008865356,-0.0,0.0,1.0260154008865356,-0.058761220425367355,-0.0,60.400001525878906
1646738310587038278,1.0410217285,0.9967007040977478,-0.0,0.0,0.9967007040977478,-0.058761220425367355,-0.0,47.400001525878906
1646738310597382307,1.0410217285,0.9947521090507507,-0.06229379400610924,0.0,0.9967007040977478,-0.058761220425367355,-3.5833218097686768,47.400001525878906
1646738310783442974,1.0496908569,1.007818579673767,0.19237789511680603,0.0,1.0260154008865356,0.058761220425367355,10.806922912597656,44.599998474121094
1646738310791718482,1.0496908569,1.0260154008865356,-0.0,0.0,1.0260154008865356,0.058761220425367355,-0.0,44.599998474121094
1646738310842194080,1.0538568115,1.0214965343475342,-0.09618894755840302,0.0,1.026015281677246,0.11752244085073471,-5.3793792724609375,51.0
1646738310849032163,1.0538568115,1.0214965343475342,0.09618894755840302,0.0,1.026015281677246,0.11752244085073471,5.3793792724609375,51.0
1646738310919392347,1.051875,1.0255142450332642,-0.03206298127770424,0.0,1.0260154008865356,0.11752244085073471,-1.7907847166061401,58.70000076293945
1646738310924093008,1.051875,1.0255142450332642,-0.03206298127770424,0.0,1.0260154008865356,0.11752244085073471,-1.7907847166061401,58.70000076293945
1646738310985318183,1.051875,1.0506823062896729,-0.09893719851970673,0.0,1.0553301572799683,0.11752244085073471,-5.379378318786621,57.79999923706055
1646738310995662689,1.051875,1.0548146963119507,0.03297906741499901,0.0,1.0553301572799683,0.11752244085073471,1.7907847166061401,57.79999923706055
1646738311042176485,1.051875,1.0470528602600098,-0.13191626965999603,0.0,1.0553300380706787,0.11752244085073471,-7.180756092071533,58.599998474121094
1646738311050339937,0.9887203217,1.0553301572799683,-0.0,0.0,1.0553301572799683,0.11752244085073471,-0.0,58.599998474121094
1646738311117665052,0.9969510651,1.0506823062896729,-0.09893719851970673,0.0,1.0553301572799683,0.11752244085073471,-5.379378318786621,61.29999923706055
1646738311127805233,0.9969510651,1.0506823062896729,-0.09893719851970673,0.0,1.0553301572799683,0.11752244085073471,-5.379378318786621,61.29999923706055
1646738311185650348,1.0052881622,1.0761377811431885,-0.1355806142091751,0.0,1.0846449136734009,0.11752244085073471,-7.180755615234375,59.099998474121094
1646738311194679260,1.0052881622,1.0761377811431885,-0.1355806142091751,0.0,1.0846449136734009,0.11752244085073471,-7.180755615234375,59.099998474121094
1646738311242850780,1.0115630341,1.0841151475906372,-0.03389515355229378,0.0,1.0846449136734009,0.11752244085073471,-1.7907847166061401,59.79999923706055
1646738311251677513,1.1083579254,1.0654082298278809,-0.20337092876434326,0.0,1.0846447944641113,0.11752244085073471,-10.806923866271973,59.79999923706055
1646738311316422700,1.1083579254,1.0825244188308716,-0.06779030710458755,0.0,1.0846449136734009,0.11752244085073471,-3.5833218097686768,62.0
1646738311331692695,1.1134758759,1.0654082298278809,-0.20337092876434326,0.0,1.0846447944641113,0.11752244085073471,-10.806923866271973,62.0
1646738311407489776,1.1183058929,1.0825244188308716,-0.06779030710458755,0.0,1.0846449136734009,0.058761220425367355,-3.5833218097686768,59.5
1646738311417976140,1.1183058929,1.0825244188308716,0.06779030710458755,0.0,1.0846449136734009,0.058761220425367355,3.5833218097686768,59.5
1646738311445281267,1.1183058929,1.0798678398132324,0.10168546438217163,0.0,1.0846449136734009,0.058761220425367355,5.3793792724609375,44.400001525878906
1646738311739264726,1.1190607452,1.0841151475906372,-0.03389515355229378,0.0,1.0846449136734009,-0.058761220425367355,-1.7907847166061401,46.900001525878906
1646738311749713897,1.1190607452,1.0713227987289429,0.1694757640361786,0.0,1.0846449136734009,-0.058761220425367355,8.989298820495605,46.900001525878906
1646738311850224733,1.1190568542,1.0761377811431885,-0.1355806142091751,0.0,1.0846449136734009,-0.11752244085073471,-7.180755615234375,45.29999923706055
1646738311920595407,1.1056031036,1.0798678398132324,-0.10168546438217163,0.0,1.0846449136734009,-0.11752244085073471,-5.3793792724609375,60.099998474121094
1646738311990004062,1.1100933075,1.0841151475906372,-0.03389515355229378,0.0,1.0846449136734009,-0.11752244085073471,-1.7907847166061401,63.5
1646738312043530941,1.1100933075,1.0470528602600098,-0.13191626965999603,0.0,1.0553300380706787,-0.11752244085073471,-7.180756092071533,61.5
1646738312118541240,0.9936164856,1.053267002105713,-0.06595813482999802,0.0,1.0553301572799683,-0.11752244085073471,-3.5833218097686768,57.599998474121094
1646738312187583446,0.9890679169,1.0548146963119507,-0.03297906741499901,0.0,1.0553301572799683,-0.11752244085073471,-1.7907847166061401,61.400001525878906
1646738312320823907,1.0590733337,1.0179680585861206,-0.12825192511081696,0.0,1.026015281677246,-0.11752244085073471,-7.180755615234375,61.900001525878906
1646738312388601064,1.0605441284,1.0179680585861206,0.12825192511081696,0.0,1.026015281677246,-0.058761220425367355,7.180755615234375,60.900001525878906
1646738312397789716,1.0605441284,1.0179680585861206,0.12825192511081696,0.0,1.026015281677246,-0.058761220425367355,7.180755615234375,60.900001525878906
1646738312640401124,1.0414795685,1.0134133100509644,0.1603149026632309,0.0,1.026015281677246,0.058761220425367355,8.989299774169922,44.400001525878906
1646738312651443481,1.0520721436,1.0134133100509644,0.1603149026632309,0.0,1.026015281677246,0.058761220425367355,8.989299774169922,44.400001525878906
1646738312718568086,1.0579527283,1.0179680585861206,0.12825192511081696,0.0,1.026015281677246,0.058761220425367355,7.180755615234375,51.599998474121094
1646738312726574182,1.0579527283,1.0179680585861206,0.12825192511081696,0.0,1.026015281677246,0.058761220425367355,7.180755615234375,51.599998474121094
1646738312790499925,0.9802016449,1.0255142450332642,-0.03206298127770424,0.0,1.0260154008865356,0.11752244085073471,-1.7907847166061401,50.0
1646738312798296928,0.9802016449,1.0011662244796753,-0.22444087266921997,0.0,1.026015281677246,0.11752244085073471,-12.635625839233398,50.0
1646738312841348171,0.9802016449,1.0506823062896729,-0.09893719851970673,0.0,1.0553301572799683,0.11752244085073471,-5.379378318786621,60.0
1646738312849777936,0.9802016449,1.053267002105713,0.06595813482999802,0.0,1.0553301572799683,0.11752244085073471,3.5833218097686768,60.0
1646738312921350002,0.984136734,1.0470528602600098,-0.13191626965999603,0.0,1.0553300380706787,0.11752244085073471,-7.180756092071533,58.099998474121094
1646738312927055835,0.984136734,1.0470528602600098,-0.13191626965999603,0.0,1.0553300380706787,0.11752244085073471,-7.180756092071533,58.099998474121094
1646738312986946821,0.996958847,1.053267002105713,-0.06595813482999802,0.0,1.0553301572799683,0.11752244085073471,-3.5833218097686768,61.29999923706055
1646738313000280141,0.996958847,1.0366134643554688,-0.19787439703941345,0.0,1.0553301572799683,0.11752244085073471,-10.806922912597656,61.29999923706055
1646738313045472860,0.9978913879,1.0470528602600098,-0.13191626965999603,0.0,1.0553300380706787,0.11752244085073471,-7.180756092071533,62.400001525878906
1646738313053253889,1.0181323242,1.0548146963119507,0.03297906741499901,0.0,1.0553301572799683,0.11752244085073471,1.7907847166061401,62.400001525878906
1646738313120115041,1.0085604858,1.0761377811431885,-0.1355806142091751,0.0,1.0846449136734009,0.11752244085073471,-7.180755615234375,58.400001525878906
1646738313132756471,1.0085604858,1.0761377811431885,-0.1355806142091751,0.0,1.0846449136734009,0.11752244085073471,-7.180755615234375,58.400001525878906
1646738313321269273,1.1130867767,1.0761377811431885,-0.1355806142091751,0.0,1.0846449136734009,0.058761220425367355,-7.180755615234375,58.5
1646738313338191509,1.1130867767,1.0408626794815063,-0.3050563931465149,0.0,1.0846449136734009,0.058761220425367355,-16.334823608398438,58.5
1646738313644508123,1.1138857269,1.0502028465270996,-0.2711612284183502,0.0,1.0846447944641113,-0.058761220425367355,-14.477513313293457,44.099998474121094
1646738313654242992,1.1138857269,1.0502028465270996,-0.2711612284183502,0.0,1.0846447944641113,-0.058761220425367355,-14.477513313293457,44.099998474121094
1646738313724305152,1.0167652893,1.0841151475906372,0.03389515355229378,0.0,1.0846449136734009,-0.058761220425367355,1.7907847166061401,44.099998474121094
1646738313734587669,1.0167652893,1.0654082298278809,0.20337092876434326,0.0,1.0846447944641113,-0.058761220425367355,10.806923866271973,44.099998474121094
1646738313784646749,1.0143399048,1.0846449136734009,-0.0,0.0,1.0846449136734009,-0.11752244085073471,-0.0,45.20000076293945
1646738313842028141,1.007154541,1.0798678398132324,-0.10168546438217163,0.0,1.0846449136734009,-0.11752244085073471,-5.3793792724609375,58.0
1646738313918591737,1.0035268402,1.0553301572799683,-0.0,0.0,1.0553301572799683,-0.11752244085073471,-0.0,56.599998474121094
1646738313985787868,0.9898500061,1.0548146963119507,-0.03297906741499901,0.0,1.0553301572799683,-0.11752244085073471,-1.7907847166061401,58.5
1646738313995873212,0.9898500061,1.0366134643554688,-0.19787439703941345,0.0,1.0553301572799683,-0.11752244085073471,-10.806922912597656,58.5
1646738314040961980,0.9989160156,1.053267002105713,-0.06595813482999802,0.0,1.0553301572799683,-0.11752244085073471,-3.5833218097686768,59.29999923706055
1646738314047668218,0.9989160156,1.053267002105713,-0.06595813482999802,0.0,1.0553301572799683,-0.11752244085073471,-3.5833218097686768,59.29999923706055
1646738314118042230,0.9831821442,1.053267002105713,-0.06595813482999802,0.0,1.0553301572799683,-0.11752244085073471,-3.5833218097686768,60.79999923706055
1646738314132327795,0.9831821442,1.053267002105713,-0.06595813482999802,0.0,1.0553301572799683,-0.11752244085073471,-3.5833218097686768,60.79999923706055
1646738314186735868,0.9820900726,0.9934350848197937,-0.2565038502216339,0.0,1.026015281677246,-0.058761220425367355,-14.477513313293457,60.29999923706055
1646738314192061901,0.9820900726,0.9934350848197937,-0.2565038502216339,0.0,1.026015281677246,-0.058761220425367355,-14.477513313293457,60.29999923706055
1646738314242794752,0.9820900726,0.9511417150497437,-0.38475579023361206,0.0,1.0260154008865356,-0.058761220425367355,-22.02431297302246,47.0
1646738314248120546,0.9820900726,1.0011662244796753,-0.22444087266921997,0.0,1.026015281677246,-0.058761220425367355,-12.635625839233398,47.0
1646738314584811449,0.9809240723,1.021818995475769,0.26383253931999207,0.0,1.0553301572799683,0.058761220425367355,14.477511405944824,44.70000076293945
1646738314592082500,0.9809240723,0.9643205404281616,0.4287278652191162,0.0,1.0553301572799683,0.058761220425367355,23.969484329223633,44.70000076293945
1646738314720943689,0.9948810577,1.0470528602600098,-0.13191626965999603,0.0,1.0553300380706787,0.11752244085073471,-7.180756092071533,47.599998474121094
1646738314738826036,0.9948810577,1.0548146963119507,0.03297906741499901,0.0,1.0553301572799683,0.11752244085073471,1.7907847166061401,47.599998474121094
1646738314782938003,0.9948810577,1.0506823062896729,-0.09893719851970673,0.0,1.0553301572799683,0.11752244085073471,-5.379378318786621,60.0
1646738314792675018,0.9948810577,1.0506823062896729,-0.09893719851970673,0.0,1.0553301572799683,0.11752244085073471,-5.379378318786621,60.0
1646738314842834949,0.991677475,1.0548146963119507,-0.03297906741499901,0.0,1.0553301572799683,0.11752244085073471,-1.7907847166061401,60.20000076293945
1646738314856862306,0.9958330536,1.0548146963119507,-0.03297906741499901,0.0,1.0553301572799683,0.11752244085073471,-1.7907847166061401,60.20000076293945
1646738314918296813,1.0042142487,1.0506823062896729,-0.09893719851970673,0.0,1.0553301572799683,0.11752244085073471,-5.379378318786621,64.5
1646738314928450822,1.0042142487,1.0506823062896729,-0.09893719851970673,0.0,1.0553301572799683,0.11752244085073471,-5.379378318786621,64.5
1646738314985452890,1.0110870361,1.0846449136734009,-0.0,0.0,1.0846449136734009,0.11752244085073471,-0.0,60.70000076293945
1646738314998405456,1.0110870361,1.0654082298278809,-0.20337092876434326,0.0,1.0846447944641113,0.11752244085073471,-10.806923866271973,60.70000076293945
1646738315044046878,1.0131855774,1.0841151475906372,-0.03389515355229378,0.0,1.0846449136734009,0.058761220425367355,-1.7907847166061401,59.099998474121094
1646738315124528884,1.1128195953,1.0303233861923218,-0.3389515280723572,0.0,1.0846447944641113,0.058761220425367355,-18.209957122802734,47.29999923706055
1646738315134948015,1.1128195953,1.0654082298278809,-0.20337092876434326,0.0,1.0846447944641113,0.058761220425367355,-10.806923866271973,47.29999923706055
1646738315186588048,1.1206132507,1.0798678398132324,-0.10168546438217163,0.0,1.0846449136734009,0.058761220425367355,-5.3793792724609375,46.599998474121094
1646738315199624538,1.1206132507,1.0798678398132324,-0.10168546438217163,0.0,1.0846449136734009,0.058761220425367355,-5.3793792724609375,46.599998474121094
1646738315518215179,1.0183917236,1.0798678398132324,0.10168546438217163,0.0,1.0846449136734009,-0.058761220425367355,5.3793792724609375,45.79999923706055
1646738315540643215,1.0183917236,1.0798678398132324,0.10168546438217163,0.0,1.0846449136734009,-0.058761220425367355,5.3793792724609375,45.79999923706055
1646738315587910890,1.0183917236,1.0825244188308716,0.06779030710458755,0.0,1.0846449136734009,-0.058761220425367355,3.5833218097686768,45.29999923706055
1646738315596420288,1.0183917236,1.0825244188308716,0.06779030710458755,0.0,1.0846449136734009,-0.058761220425367355,3.5833218097686768,45.29999923706055
1646738315640588998,1.0141738892,1.0502028465270996,-0.2711612284183502,0.0,1.0846447944641113,-0.058761220425367355,-14.477513313293457,45.20000076293945
1646738315653946161,1.0181245422,0.9753326773643494,-0.4745321571826935,0.0,1.0846449136734009,-0.058761220425367355,-25.944480895996094,45.20000076293945
1646738315720086336,1.0181725311,1.0423680543899536,-0.16489534080028534,0.0,1.0553300380706787,-0.11752244085073471,-8.989299774169922,46.70000076293945
1646738315725830316,1.0181725311,1.0548146963119507,-0.03297906741499901,0.0,1.0553301572799683,-0.11752244085073471,-1.7907847166061401,46.70000076293945
1646738315785527706,1.0138665009,1.029771089553833,-0.23085346817970276,0.0,1.0553301572799683,-0.11752244085073471,-12.635624885559082,57.0
1646738315845005512,1.0083490753,0.9643205404281616,-0.4287278652191162,0.0,1.0553301572799683,-0.058761220425367355,-23.969484329223633,59.5
1646738315917819738,1.0083490753,0.9783172607421875,-0.3957487940788269,0.0,1.0553301572799683,-0.058761220425367355,-22.024311065673828,47.400001525878906
1646738315929683446,1.0083490753,0.9783172607421875,-0.3957487940788269,0.0,1.0553301572799683,-0.058761220425367355,-22.024311065673828,47.400001525878906
1646738315986147165,0.9798851776,1.0366134643554688,0.19787439703941345,0.0,1.0553301572799683,-0.058761220425367355,10.806922912597656,46.5
1646738315995346069,0.9798851776,1.0366134643554688,0.19787439703941345,0.0,1.0553301572799683,-0.058761220425367355,10.806922912597656,46.5
1646738316042412996,0.9847670746,0.9511417150497437,-0.38475579023361206,0.0,1.0260154008865356,-0.058761220425367355,-22.02431297302246,44.900001525878906
1646738316443156003,0.9853507233,0.9375337958335876,-0.416818767786026,0.0,1.026015281677246,0.058761220425367355,-23.969484329223633,44.5
1646738316519053936,0.9829798126,1.0470528602600098,-0.13191626965999603,0.0,1.0553300380706787,0.058761220425367355,-7.180756092071533,49.79999923706055
1646738316539919376,0.9829798126,1.0553301572799683,-0.0,0.0,1.0553301572799683,0.058761220425367355,-0.0,49.79999923706055
1646738316586070299,0.9829798126,1.0470528602600098,0.13191626965999603,0.0,1.0553300380706787,0.058761220425367355,7.180756092071533,48.5
1646738316594973325,0.9829798126,1.0470528602600098,0.13191626965999603,0.0,1.0553300380706787,0.058761220425367355,7.180756092071533,48.5
1646738316640670537,0.9961988068,1.0470528602600098,0.13191626965999603,0.0,1.0553300380706787,0.058761220425367355,7.180756092071533,50.20000076293945
1646738316652252197,0.996105423,1.021818995475769,0.26383253931999207,0.0,1.0553301572799683,0.058761220425367355,14.477511405944824,50.20000076293945
1646738316732096672,0.9963440704,1.029771089553833,-0.23085346817970276,0.0,1.0553301572799683,0.058761220425367355,-12.635624885559082,51.79999923706055
1646738316755928993,0.9963440704,1.029771089553833,-0.23085346817970276,0.0,1.0553301572799683,0.058761220425367355,-12.635624885559082,51.79999923706055
1646738316784777164,0.9963440704,0.9783172607421875,-0.3957487940788269,0.0,1.0553301572799683,0.058761220425367355,-22.024311065673828,47.400001525878906
1646738316800853252,0.9963440704,0.9783172607421875,-0.3957487940788269,0.0,1.0553301572799683,0.058761220425367355,-22.024311065673828,47.400001525878906
1646738316847550392,1.1050765228,1.0423680543899536,0.16489534080028534,0.0,1.0553300380706787,0.058761220425367355,8.989299774169922,48.599998474121094
1646738316859252452,1.0100118256,1.0423680543899536,0.16489534080028534,0.0,1.0553300380706787,0.058761220425367355,8.989299774169922,48.599998474121094
1646738316916867017,1.0100118256,1.0654082298278809,-0.20337092876434326,0.0,1.0846447944641113,0.058761220425367355,-10.806923866271973,49.400001525878906
1646738316935163497,1.1132463074,1.0654082298278809,-0.20337092876434326,0.0,1.0846447944641113,0.058761220425367355,-10.806923866271973,49.400001525878906
1646738316985380887,1.0151998138,1.0841151475906372,0.03389515355229378,0.0,1.0846449136734009,0.058761220425367355,1.7907847166061401,50.599998474121094
1646738317385015964,1.0189520264,1.0713227987289429,-0.1694757640361786,0.0,1.0846449136734009,-0.058761220425367355,-8.989298820495605,47.20000076293945
1646738317394978761,1.0189520264,1.0408626794815063,-0.3050563931465149,0.0,1.0846449136734009,-0.058761220425367355,-16.334823608398438,47.20000076293945
1646738317441948175,1.012926178,1.0825244188308716,0.06779030710458755,0.0,1.0846449136734009,-0.058761220425367355,3.5833218097686768,45.599998474121094
1646738317456567525,1.0112880707,1.0825244188308716,-0.06779030710458755,0.0,1.0846449136734009,-0.058761220425367355,-3.5833218097686768,45.599998474121094
1646738317519731760,1.0144851685,0.9783172607421875,-0.3957487940788269,0.0,1.0553301572799683,-0.058761220425367355,-22.024311065673828,44.70000076293945
1646738317533367872,1.0144851685,1.0366134643554688,-0.19787439703941345,0.0,1.0553301572799683,-0.058761220425367355,-10.806922912597656,44.70000076293945
1646738317593677997,1.0144851685,1.0548146963119507,0.03297906741499901,0.0,1.0553301572799683,-0.058761220425367355,1.7907847166061401,47.29999923706055
1646738317609945297,1.0144851685,1.0548146963119507,0.03297906741499901,0.0,1.0553301572799683,-0.058761220425367355,1.7907847166061401,47.29999923706055
1646738317646516799,0.998747406,0.9783172607421875,-0.3957487940788269,0.0,1.0553301572799683,-0.058761220425367355,-22.024311065673828,46.400001525878906
1646738317654813766,1.0042220306,1.0366134643554688,-0.19787439703941345,0.0,1.0553301572799683,-0.058761220425367355,-10.806922912597656,46.400001525878906
1646738317715508699,1.0042220306,1.0423680543899536,0.16489534080028534,0.0,1.0553300380706787,-0.058761220425367355,8.989299774169922,47.400001525878906
1646738317724724054,1.0042220306,1.0423680543899536,0.16489534080028534,0.0,1.0553300380706787,-0.058761220425367355,8.989299774169922,47.400001525878906
1646738317785302877,0.991215744,1.0423680543899536,-0.16489534080028534,0.0,1.0553300380706787,-0.058761220425367355,-8.989299774169922,49.099998474121094
1646738317794910430,0.991215744,1.0127313137054443,-0.29681161046028137,0.0,1.0553301572799683,-0.058761220425367355,-16.334821701049805,49.099998474121094
1646738317842867374,0.991215744,1.0127313137054443,-0.29681161046028137,0.0,1.0553301572799683,-0.058761220425367355,-16.334821701049805,48.70000076293945
1646738317851936101,0.9908966827,0.9489723443984985,-0.4617069363594055,0.0,1.0553301572799683,-0.058761220425367355,-25.94447898864746,48.70000076293945
1646738317986043453,0.9866749573,1.007818579673767,-0.19237789511680603,0.0,1.0260154008865356,-0.058761220425367355,-10.806922912597656,48.900001525878906
1646738317991737127,0.9866749573,0.9746302366256714,-0.3206298053264618,0.0,1.0260154008865356,-0.058761220425367355,-18.209957122802734,48.900001525878906
1646738318242327213,0.9887203217,0.9845998287200928,-0.28856682777404785,0.0,1.0260154008865356,0.058761220425367355,-16.334821701049805,44.79999923706055
1646738318256350278,0.9883960724,0.9845998287200928,-0.28856682777404785,0.0,1.0260154008865356,0.058761220425367355,-16.334821701049805,44.79999923706055
1646738318330223798,0.9911145782,1.0470528602600098,0.13191626965999603,0.0,1.0553300380706787,0.058761220425367355,7.180756092071533,47.29999923706055
1646738318359985589,0.9911145782,1.0470528602600098,0.13191626965999603,0.0,1.0553300380706787,0.058761220425367355,7.180756092071533,47.29999923706055
1646738318384264707,0.9911145782,1.0470528602600098,0.13191626965999603,0.0,1.0553300380706787,0.058761220425367355,7.180756092071533,49.900001525878906
1646738318394965648,0.9911145782,1.0470528602600098,0.13191626965999603,0.0,1.0553300380706787,0.058761220425367355,7.180756092071533,49.900001525878906
1646738318440769195,0.9879991913,1.0553301572799683,-0.0,0.0,1.0553301572799683,0.058761220425367355,-0.0,50.20000076293945
1646738318447700262,0.9879991913,1.0553301572799683,-0.0,0.0,1.0553301572799683,0.058761220425367355,-0.0,50.20000076293945
1646738318518392562,0.9924530792,0.9910195469856262,-0.36276975274086,0.0,1.0553300380706787,0.058761220425367355,-20.105510711669922,49.5
1646738318538423538,0.9924530792,0.9910195469856262,-0.36276975274086,0.0,1.0553300380706787,0.058761220425367355,-20.105510711669922,49.5
1646738318587857007,1.0103153229,1.053267002105713,0.06595813482999802,0.0,1.0553301572799683,0.058761220425367355,3.5833218097686768,49.79999923706055
1646738318645753860,0.9987123871,1.0366134643554688,0.19787439703941345,0.0,1.0553301572799683,0.058761220425367355,10.806922912597656,50.099998474121094
1646738318654767274,1.0153606415,1.0366134643554688,0.19787439703941345,0.0,1.0553301572799683,0.058761220425367355,10.806922912597656,50.099998474121094
1646738318718888044,1.10545784,1.0761377811431885,0.1355806142091751,0.0,1.0846449136734009,0.058761220425367355,7.180755615234375,48.900001525878906
1646738318727140903,1.10545784,1.0825244188308716,-0.06779030710458755,0.0,1.0846449136734009,0.058761220425367355,-3.5833218097686768,48.900001525878906
1646738319183353424,1.1081491089,1.0841151475906372,-0.03389515355229378,0.0,1.0846449136734009,-0.058761220425367355,-1.7907847166061401,46.099998474121094
1646738319190206289,1.1081491089,1.0713227987289429,-0.1694757640361786,0.0,1.0846449136734009,-0.058761220425367355,-8.989298820495605,46.099998474121094
1646738319248091459,1.1115303802,1.0583758354187012,-0.23726607859134674,0.0,1.0846449136734009,-0.058761220425367355,-12.635625839233398,44.29999923706055
1646738319253415822,1.1088793182,1.0583758354187012,-0.23726607859134674,0.0,1.0846449136734009,-0.058761220425367355,-12.635625839233398,44.29999923706055
1646738319318931341,1.0158560944,0.9643205404281616,-0.4287278652191162,0.0,1.0553301572799683,-0.058761220425367355,-23.969484329223633,48.20000076293945
1646738319386249303,1.0037058258,1.0127313137054443,-0.29681161046028137,0.0,1.0553301572799683,-0.058761220425367355,-16.334821701049805,50.29999923706055
1646738319392148494,1.0037058258,1.0423680543899536,-0.16489534080028534,0.0,1.0553300380706787,-0.058761220425367355,-8.989299774169922,50.29999923706055
1646738319441635608,1.0037058258,1.0127313137054443,-0.29681161046028137,0.0,1.0553301572799683,-0.058761220425367355,-16.334821701049805,51.20000076293945
1646738319448697805,1.0037058258,0.9643205404281616,-0.4287278652191162,0.0,1.0553301572799683,-0.058761220425367355,-23.969484329223633,51.20000076293945
1646738319516781568,1.0037615967,0.9783172607421875,-0.3957487940788269,0.0,1.0553301572799683,-0.058761220425367355,-22.024311065673828,51.5
1646738319528568744,0.9926152039,0.9783172607421875,-0.3957487940788269,0.0,1.0553301572799683,-0.058761220425367355,-22.024311065673828,51.5
1646738319588121652,0.9926152039,1.029771089553833,-0.23085346817970276,0.0,1.0553301572799683,-0.058761220425367355,-12.635624885559082,49.099998474121094
1646738319595059633,0.9926152039,0.9643205404281616,-0.4287278652191162,0.0,1.0553301572799683,-0.058761220425367355,-23.969484329223633,49.099998474121094
1646738319640775203,0.9942273712,0.9910195469856262,-0.36276975274086,0.0,1.0553300380706787,-0.058761220425367355,-20.105510711669922,50.599998474121094
1646738319656627655,0.9890692139,0.9910195469856262,-0.36276975274086,0.0,1.0553300380706787,-0.058761220425367355,-20.105510711669922,50.599998474121094
1646738320193418979,0.9900056458,0.9910195469856262,-0.36276975274086,0.0,1.0553300380706787,0.058761220425367355,-20.105510711669922,44.400001525878906
1646738320203899383,0.9900056458,1.0366134643554688,-0.19787439703941345,0.0,1.0553301572799683,0.058761220425367355,-10.806922912597656,44.400001525878906
1646738320252069950,0.9998874664,1.0366134643554688,-0.19787439703941345,0.0,1.0553301572799683,0.058761220425367355,-10.806922912597656,48.0
1646738320319912672,0.9998874664,1.0548146963119507,0.03297906741499901,0.0,1.0553301572799683,0.058761220425367355,1.7907847166061401,52.0
1646738320326792240,0.9998874664,1.0548146963119507,0.03297906741499901,0.0,1.0553301572799683,0.058761220425367355,1.7907847166061401,52.0
1646738320381494045,0.9970587158,1.0548146963119507,0.03297906741499901,0.0,1.0553301572799683,0.058761220425367355,1.7907847166061401,50.79999923706055
1646738320388800859,0.9970587158,1.0548146963119507,0.03297906741499901,0.0,1.0553301572799683,0.058761220425367355,1.7907847166061401,50.79999923706055
1646738320443108081,1.0033115387,1.0470528602600098,0.13191626965999603,0.0,1.0553300380706787,0.058761220425367355,7.180756092071533,49.599998474121094
1646738320519886732,1.1062490082,1.0506823062896729,0.09893719851970673,0.0,1.0553301572799683,0.058761220425367355,5.379378318786621,52.400001525878906
1646738320533307075,1.1062490082,1.0548146963119507,-0.03297906741499901,0.0,1.0553301572799683,0.058761220425367355,-1.7907847166061401,52.400001525878906
1646738320600021839,1.1083825684,1.0408626794815063,-0.3050563931465149,0.0,1.0846449136734009,0.058761220425367355,-16.334823608398438,47.0
1646738320615126132,1.1083825684,1.0713227987289429,-0.1694757640361786,0.0,1.0846449136734009,0.058761220425367355,-8.989298820495605,47.0
1646738321183873891,0.9979315948,0.9643205404281616,-0.4287278652191162,0.0,1.0553301572799683,-0.058761220425367355,-23.969484329223633,44.900001525878906
1646738321244687318,0.9979315948,1.0506823062896729,-0.09893719851970673,0.0,1.0553301572799683,-0.058761220425367355,-5.379378318786621,52.29999923706055
1646738321315769195,1.0151544189,1.0127313137054443,0.29681161046028137,0.0,1.0553301572799683,-0.058761220425367355,16.334821701049805,51.0
1646738321383893251,0.9965736389,1.0548146963119507,-0.03297906741499901,0.0,1.0553301572799683,-0.058761220425367355,-1.7907847166061401,50.900001525878906
1646738321443437099,0.9937812042,1.0366134643554688,-0.19787439703941345,0.0,1.0553301572799683,-0.058761220425367355,-10.806922912597656,46.0
1646738321453036308,0.9927578735,1.0506823062896729,-0.09893719851970673,0.0,1.0553301572799683,-0.058761220425367355,-5.379378318786621,46.0
1646738321517969131,0.993890152,1.0024768114089966,-0.3297906816005707,0.0,1.0553300380706787,-0.058761220425367355,-18.209957122802734,48.5
1646738321523603916,0.993890152,1.0024768114089966,-0.3297906816005707,0.0,1.0553300380706787,-0.058761220425367355,-18.209957122802734,48.5
1646738321586341142,0.993890152,1.021818995475769,-0.26383253931999207,0.0,1.0553301572799683,-0.058761220425367355,-14.477511405944824,49.70000076293945
1646738321591844081,0.993890152,1.021818995475769,-0.26383253931999207,0.0,1.0553301572799683,-0.058761220425367355,-14.477511405944824,49.70000076293945
1646738321986468076,0.9862689972,1.021818995475769,-0.26383253931999207,0.0,1.0553301572799683,0.058761220425367355,-14.477511405944824,45.29999923706055
1646738322003903150,0.9862689972,1.021818995475769,-0.26383253931999207,0.0,1.0553301572799683,0.058761220425367355,-14.477511405944824,45.29999923706055
1646738322040802955,0.9874700165,1.0553301572799683,-0.0,0.0,1.0553301572799683,0.058761220425367355,-0.0,50.599998474121094
1646738322050415039,0.9874700165,1.0470528602600098,0.13191626965999603,0.0,1.0553300380706787,0.058761220425367355,7.180756092071533,50.599998474121094
1646738322133997201,0.9914517975,1.0024768114089966,-0.3297906816005707,0.0,1.0553300380706787,0.058761220425367355,-18.209957122802734,49.20000076293945
1646738322139349699,0.9914517975,1.0024768114089966,-0.3297906816005707,0.0,1.0553300380706787,0.058761220425367355,-18.209957122802734,49.20000076293945
1646738322183588266,0.9954815674,1.0366134643554688,0.19787439703941345,0.0,1.0553301572799683,0.058761220425367355,10.806922912597656,49.0
1646738322196612119,0.9954815674,1.0366134643554688,0.19787439703941345,0.0,1.0553301572799683,0.058761220425367355,10.806922912597656,49.0
1646738322243714094,0.9994892883,1.0127313137054443,-0.29681161046028137,0.0,1.0553301572799683,0.058761220425367355,-16.334821701049805,52.400001525878906
1646738322253222227,1.0022596741,1.0423680543899536,-0.16489534080028534,0.0,1.0553300380706787,0.058761220425367355,-8.989299774169922,52.400001525878906
1646738322396254539,1.0026915741,1.0303233861923218,-0.3389515280723572,0.0,1.0846447944641113,0.058761220425367355,-18.209957122802734,44.79999923706055
1646738322843832015,1.005845871,1.029771089553833,-0.23085346817970276,0.0,1.0553301572799683,-0.058761220425367355,-12.635624885559082,46.400001525878906
1646738322848722696,1.005845871,0.9643205404281616,-0.4287278652191162,0.0,1.0553301572799683,-0.058761220425367355,-23.969484329223633,46.400001525878906
1646738323040689229,1.0125552368,1.0366134643554688,-0.19787439703941345,0.0,1.0553301572799683,-0.058761220425367355,-10.806922912597656,48.29999923706055
1646738323183475732,1.0076370239,1.029771089553833,-0.23085346817970276,0.0,1.0553301572799683,-0.058761220425367355,-12.635624885559082,44.70000076293945
1646738323188641309,1.0076370239,0.9643205404281616,-0.4287278652191162,0.0,1.0553301572799683,-0.058761220425367355,-23.969484329223633,44.70000076293945
1646738323241203308,1.0076370239,1.029771089553833,-0.23085346817970276,0.0,1.0553301572799683,-0.058761220425367355,-12.635624885559082,48.900001525878906
1646738323252362489,0.986333847,1.029771089553833,-0.23085346817970276,0.0,1.0553301572799683,-0.058761220425367355,-12.635624885559082,48.900001525878906
1646738323784346818,0.9888448334,1.0553301572799683,-0.0,0.0,1.0553301572799683,0.058761220425367355,-0.0,44.099998474121094
1646738323792911291,0.9888448334,1.0553301572799683,-0.0,0.0,1.0553301572799683,0.058761220425367355,-0.0,44.099998474121094
1646738323925025701,0.9984192657,1.0506823062896729,0.09893719851970673,0.0,1.0553301572799683,0.058761220425367355,5.379378318786621,45.20000076293945
1646738323933422088,0.9984192657,1.0548146963119507,-0.03297906741499901,0.0,1.0553301572799683,0.058761220425367355,-1.7907847166061401,45.20000076293945
1646738323985326766,0.9988835907,1.053267002105713,0.06595813482999802,0.0,1.0553301572799683,0.058761220425367355,3.5833218097686768,50.20000076293945
1646738323995465755,0.9988835907,1.053267002105713,-0.06595813482999802,0.0,1.0553301572799683,0.058761220425367355,-3.5833218097686768,50.20000076293945
1646738324045568704,0.9997707367,0.9783172607421875,-0.3957487940788269,0.0,1.0553301572799683,0.058761220425367355,-22.024311065673828,47.70000076293945
1646738324056675910,1.0000223541,1.029771089553833,-0.23085346817970276,0.0,1.0553301572799683,0.058761220425367355,-12.635624885559082,47.70000076293945
1646738324639755249,1.003620224,1.0825244188308716,-0.06779030710458755,0.0,1.0846449136734009,-0.058761220425367355,-3.5833218097686768,45.20000076293945
1646738324652051210,1.0147328949,1.0654082298278809,-0.20337092876434326,0.0,1.0846447944641113,-0.058761220425367355,-10.806923866271973,45.20000076293945
1646738324717964172,1.0147328949,1.0366134643554688,-0.19787439703941345,0.0,1.0553301572799683,-0.058761220425367355,-10.806922912597656,45.79999923706055
1646738324722764015,1.0147328949,1.0470528602600098,-0.13191626965999603,0.0,1.0553300380706787,-0.058761220425367355,-7.180756092071533,45.79999923706055
1646738324841963052,1.000091095,1.0548146963119507,-0.03297906741499901,0.0,1.0553301572799683,-0.058761220425367355,-1.7907847166061401,47.79999923706055
1646738324984577178,1.0041117859,1.0553301572799683,-0.0,0.0,1.0553301572799683,-0.058761220425367355,-0.0,49.70000076293945
1646738324995703458,1.0041117859,1.0470528602600098,-0.13191626965999603,0.0,1.0553300380706787,-0.058761220425367355,-7.180756092071533,49.70000076293945
1646738325039605617,0.9914829254,1.029771089553833,-0.23085346817970276,0.0,1.0553301572799683,-0.058761220425367355,-12.635624885559082,48.20000076293945
1646738325049740314,0.9914829254,0.9783172607421875,-0.3957487940788269,0.0,1.0553301572799683,-0.058761220425367355,-22.024311065673828,48.20000076293945
1646738325117193460,0.9924452972,1.053267002105713,-0.06595813482999802,0.0,1.0553301572799683,-0.058761220425367355,-3.5833218097686768,49.400001525878906
1646738325125806331,0.9924452972,1.0470528602600098,0.13191626965999603,0.0,1.0553300380706787,-0.058761220425367355,7.180756092071533,49.400001525878906
1646738325641643762,0.9953324127,1.0553301572799683,-0.0,0.0,1.0553301572799683,0.058761220425367355,-0.0,47.70000076293945
1646738325655712604,0.9922714996,1.053267002105713,0.06595813482999802,0.0,1.0553301572799683,0.058761220425367355,3.5833218097686768,47.70000076293945
1646738325719878911,0.9922714996,1.0024768114089966,-0.3297906816005707,0.0,1.0553300380706787,0.058761220425367355,-18.209957122802734,49.20000076293945
1646738325729088783,0.9922714996,1.0024768114089966,-0.3297906816005707,0.0,1.0553300380706787,0.058761220425367355,-18.209957122802734,49.20000076293945
1646738325850635051,1.0047927094,1.0366134643554688,-0.19787439703941345,0.0,1.0553301572799683,0.058761220425367355,-10.806922912597656,46.099998474121094
1646738325860965490,1.0004944611,1.053267002105713,-0.06595813482999802,0.0,1.0553301572799683,0.058761220425367355,-3.5833218097686768,46.099998474121094
1646738325918829202,1.0004944611,1.0506823062896729,-0.09893719851970673,0.0,1.0553301572799683,0.058761220425367355,-5.379378318786621,49.599998474121094
1646738325928138017,1.0004944611,1.053267002105713,0.06595813482999802,0.0,1.0553301572799683,0.058761220425367355,3.5833218097686768,49.599998474121094
1646738326644386768,1.0056941223,1.0506823062896729,0.09893719851970673,0.0,1.0553301572799683,-0.058761220425367355,5.379378318786621,46.099998474121094
1646738326718741416,0.9967357635,1.0423680543899536,-0.16489534080028534,0.0,1.0553300380706787,-0.058761220425367355,-8.989299774169922,47.900001525878906
1646738326787034988,1.0036837769,0.9489723443984985,-0.4617069363594055,0.0,1.0553301572799683,-0.058761220425367355,-25.94447898864746,49.099998474121094
1646738327243241786,0.9981871033,1.0127313137054443,-0.29681161046028137,0.0,1.0553301572799683,0.058761220425367355,-16.334821701049805,47.099998474121094
1646738327717931509,1.0028472137,1.0553301572799683,-0.0,0.0,1.0553301572799683,0.058761220425367355,-0.0,45.0
1646738327722949028,1.0028472137,1.0470528602600098,-0.13191626965999603,0.0,1.0553300380706787,0.058761220425367355,-7.180756092071533,45.0
1646738328320720195,1.0071117401,1.0841151475906372,-0.03389515355229378,0.0,1.0846449136734009,-0.058761220425367355,-1.7907847166061401,48.599998474121094
1646738328383781671,1.0071117401,1.0713227987289429,-0.1694757640361786,0.0,1.0846449136734009,-0.058761220425367355,-8.989298820495605,45.900001525878906
1646738328439813375,0.9982636261,1.0470528602600098,-0.13191626965999603,0.0,1.0553300380706787,-0.058761220425367355,-7.180756092071533,44.0
1646738328445090532,0.9982636261,1.0470528602600098,-0.13191626965999603,0.0,1.0553300380706787,-0.058761220425367355,-7.180756092071533,44.0
1646738329181413650,0.9919368744,1.029771089553833,-0.23085346817970276,0.0,1.0553301572799683,0.058761220425367355,-12.635624885559082,47.70000076293945
1646738329188441038,0.9919368744,0.9910195469856262,-0.36276975274086,0.0,1.0553300380706787,0.058761220425367355,-20.105510711669922,47.70000076293945
1646738330186910629,0.9988135529,1.0470528602600098,-0.13191626965999603,0.0,1.0553300380706787,-0.058761220425367355,-7.180756092071533,50.20000076293945
1646738331184743165,1.0015411377,1.0506823062896729,-0.09893719851970673,0.0,1.0553301572799683,0.058761220425367355,-5.379378318786621,45.20000076293945
1646738331197393894,1.0015411377,1.053267002105713,0.06595813482999802,0.0,1.0553301572799683,0.058761220425367355,3.5833218097686768,45.20000076293945
1646738331840991973,1.0028459167,1.0423680543899536,-0.16489534080028534,0.0,1.0553300380706787,-0.058761220425367355,-8.989299774169922,45.099998474121094
1646738331852227926,1.0028459167,1.0127313137054443,-0.29681161046028137,0.0,1.0553301572799683,-0.058761220425367355,-16.334821701049805,45.099998474121094
1646738333585127830,1.0003375244,1.0548146963119507,-0.03297906741499901,0.0,1.0553301572799683,-0.058761220425367355,-1.7907847166061401,44.400001525878906
1646738333595257043,1.0003375244,1.0423680543899536,-0.16489534080028534,0.0,1.0553300380706787,-0.058761220425367355,-8.989299774169922,44.400001525878906
1646738333783818244,1.0004892731,1.0423680543899536,-0.16489534080028534,0.0,1.0553300380706787,-0.058761220425367355,-8.989299774169922,48.900001525878906
1646738333795879602,1.0004892731,1.0127313137054443,-0.29681161046028137,0.0,1.0553301572799683,-0.058761220425367355,-16.334821701049805,48.900001525878906
1646738337043310642,1.00140625,1.0024768114089966,-0.3297906816005707,0.0,1.0553300380706787,-0.058761220425367355,-18.209957122802734,51.0
