rospy.get_time,x1,x2,x3,closestValue,bestX,msg.x,msg.y,msg.z,msg.range,msg.velocity,msg.bearing,msg.intensity
1648226808.5639882,1.0053322601,2.1145539856,1.7835032654,1.0053322601,1.0053322601,0,0,0,0,0,0,0
1648226808.5985348,1.0049820709,2.1132466125,2.5990744781,1.0049820709,1.0049820709,0.03963707759976387,0.08497165888547897,0.0,0.09376183152198792,0.0,64.9921646118164,23.5
1648226808.6623683,1.0061182404,2.1094269562,2.5992482758,1.0061182404,1.0061182404,0.9191930890083313,-0.8702269792556763,0.0,1.265784740447998,0.0,-43.43253707885742,23.0
1648226808.697442,1.0064762115,2.1101766205,2.5990589142,1.0064762115,1.0064762115,0.9191930890083313,-0.8702269792556763,0.0,1.265784740447998,0.0,-43.43253707885742,23.0
1648226808.7652671,1.0062155151,2.1111260223,2.5993325806,1.0062155151,1.0062155151,0.1976812481880188,0.772070050239563,0.0,0.7969755530357361,0.2681789696216583,75.63848114013672,38.400001525878906
1648226808.7950253,1.0063983917,2.1098990631,2.5990161133,1.0063983917,1.0063983917,0.20930954813957214,0.8174859285354614,0.0,0.8438564538955688,0.4022684693336487,75.63848114013672,28.299999237060547
1648226808.8636394,1.0064801025,2.1091973877,2.5992366028,1.0064801025,1.0064801025,0.20930954813957214,-0.8174859285354614,0.0,0.8438564538955688,0.4022684693336487,-75.63848114013672,27.100000381469727
1648226808.8969164,1.0057965851,2.1118406677,1.8714889526,1.0057965851,1.0057965851,0.20930954813957214,-0.8174859285354614,0.0,0.8438564538955688,0.4022684693336487,-75.63848114013672,27.100000381469727
1648226808.962205,1.0051013947,2.1131117249,2.5996140289,1.0051013947,1.0051013947,1.199463963508606,0.5332704186439514,0.0,1.3126657009124756,-0.8045369386672974,23.969482421875,48.79999923706055
1648226808.9951236,1.0055722046,2.111736908,2.5996620178,1.0055722046,1.0055722046,1.199463963508606,0.5332704186439514,0.0,1.3126657009124756,-0.8045369386672974,23.969482421875,48.79999923706055
1648226809.0619965,1.0061779022,2.5992936707,2.1110183716,1.0061779022,1.0061779022,1.173413872718811,0.47466927766799927,0.0,1.265784740447998,-1.6090738773345947,22.02431297302246,39.20000076293945
1648226809.0951412,1.0056331635,2.1159210205,2.5996659088,1.0056331635,1.0056331635,1.169702172279358,0.34281668066978455,0.0,1.2189037799835205,-0.4022684693336487,16.334821701049805,34.20000076293945
1648226809.1617298,1.0050547028,2.5989862823,1.8701750946,1.0050547028,1.0050547028,1.30379319190979,0.5274103283882141,0.0,1.4064275026321411,-0.6704474091529846,22.02431297302246,31.0
1648226809.195845,1.0051766205,2.60048172,2.1102868652,1.0051766205,1.0051766205,0.03963707759976387,0.08497165888547897,0.0,0.09376183152198792,0.0,64.9921646118164,36.29999923706055
1648226809.2618134,1.0049729919,1.8701880646,1.1676825714,1.0049729919,1.0049729919,1.2423408031463623,0.6592628955841064,0.0,1.4064275026321411,-0.4022684693336487,27.953187942504883,35.70000076293945
1648226809.2950885,1.0055307007,1.7835084534,2.109078064,1.0055307007,1.0055307007,1.2423408031463623,0.6592628955841064,0.0,1.4064275026321411,-0.4022684693336487,27.953187942504883,35.70000076293945
1648226809.3623614,1.0050339508,1.1092736053,1.7841906738,1.0050339508,1.0050339508,1.169731616973877,0.07325143367052078,0.0,1.1720229387283325,-0.4022684693336487,3.5833218097686768,48.400001525878906
1648226809.3953316,1.0068536377,1.7813541412,2.1082843018,1.0068536377,1.0068536377,1.1720229387283325,-0.0,0.0,1.1720229387283325,-0.4022684693336487,-0.0,48.20000076293945
1648226809.4617717,1.0080118561,2.0979666901,1.780570755,1.0080118561,1.0080118561,1.1436376571655273,0.25638002157211304,0.0,1.1720229387283325,-0.4022684693336487,12.635625839233398,49.20000076293945
1648226809.4959407,1.0038497925,2.0942417145,1.7752997589,1.0038497925,1.0038497925,0.03963707759976387,0.08497165888547897,0.0,0.09376183152198792,0.0,64.9921646118164,40.70000076293945
1648226809.5645897,0.9970924377,2.0891976929,1.782782135,0.9970924377,0.9970924377,1.0313801765441895,-0.0,0.0,1.0313801765441895,-0.2681789696216583,-0.0,32.099998474121094
1648226809.5968807,0.9918097687,2.0827944183,1.7846420288,0.9918097687,0.9918097687,1.0313801765441895,-0.0,0.0,1.0313801765441895,-0.2681789696216583,-0.0,32.099998474121094
1648226809.6641974,0.9783365631,2.0924479675,1.874447403,0.9783365631,0.9783365631,1.0313801765441895,-0.0,0.0,1.0313801765441895,-0.2681789696216583,-0.0,57.20000076293945
1648226809.6958787,1.0516895294,2.0953726959,2.0889629364,1.0516895294,1.0516895294,0.9840183854103088,0.030765600502490997,0.0,0.9844992160797119,-0.2681789696216583,1.7907847166061401,56.0
1648226809.7638123,1.0398375702,1.9177567291,2.0930977631,1.0398375702,1.0398375702,0.982574462890625,0.061531201004981995,0.0,0.9844991564750671,-0.2681789696216583,3.5833218097686768,65.0
1648226809.8164628,1.0230751801,2.0975788879,2.5985855103,1.0230751801,1.0230751801,0.03963707759976387,0.08497165888547897,0.0,0.09376183152198792,0.0,64.9921646118164,55.20000076293945
1648226809.862292,2.0948292542,1.0262813568,2.6006594086,1.0262813568,1.0262813568,2.3803963661193848,0.22414937615394592,0.0,2.3909265995025635,0.6704474091529846,5.3793792724609375,27.700000762939453
1648226809.895082,2.0991262054,1.0365250397,2.6002249146,1.0365250397,1.0365250397,2.3803963661193848,0.22414937615394592,0.0,2.3909265995025635,0.6704474091529846,5.3793792724609375,27.700000762939453
1648226809.9624102,2.0923636627,1.3587185669,2.5990200043,1.3587185669,1.3587185669,0.9606555700302124,0.21535921096801758,0.0,0.9844992160797119,0.4022684693336487,12.635625839233398,33.79999923706055
1648226809.9973779,2.0961197662,2.5987216949,0.9838059998,0.9838059998,0.9838059998,0.9986295104026794,0.25784504413604736,0.0,1.0313801765441895,0.6704474091529846,14.477513313293457,55.20000076293945
1648226810.0641272,2.0923247528,2.5978604889,1.0164047241,1.0164047241,1.0164047241,1.0347365140914917,0.3032609224319458,0.0,1.0782610177993774,0.6704474091529846,16.334821701049805,54.70000076293945
1648226810.0954614,2.0937968445,2.5984389496,1.7751285553,1.7751285553,1.0164047241,1.0687923431396484,0.3516068756580353,0.0,1.125141978263855,0.8045369386672974,18.209957122802734,49.099998474121094
1648226810.1635518,2.0954466248,2.5975959015,1.0670589447,1.0670589447,1.0670589447,1.1133254766464233,0.3662571609020233,0.0,1.172023057937622,0.6704474091529846,18.2099552154541,43.29999923706055
1648226810.1961854,2.0953895569,2.5969668579,1.0994657135,1.0994657135,1.0994657135,1.1133254766464233,0.3662571609020233,0.0,1.172023057937622,0.6704474091529846,18.2099552154541,43.29999923706055
1648226810.2629166,2.0953856659,2.597806015,1.2024822998,1.2024822998,1.2024822998,1.2766973972320557,0.46734413504600525,0.0,1.3595465421676636,0.6704474091529846,20.105510711669922,41.5
1648226810.2966063,2.0951963043,2.5980706024,1.2243250275,1.2243250275,1.2243250275,1.1578583717346191,0.38090741634368896,0.0,1.2189037799835205,0.4022684693336487,18.2099552154541,38.0
1648226810.3625214,2.0959848785,2.5977865601,1.232036972,1.232036972,1.232036972,1.3907127380371094,0.5625709891319275,0.0,1.5001893043518066,0.5363579392433167,22.02431297302246,30.700000762939453
1648226810.3985054,2.0949693298,1.1559706879,2.5979966736,1.1559706879,1.1559706879,0.8800604343414307,-0.9097827672958374,0.0,1.265784740447998,0.0,-45.95137023925781,35.400001525878906
1648226810.4642913,2.0955140686,1.1622170258,2.5979136658,1.1622170258,1.1622170258,1.514122486114502,0.49810972809791565,0.0,1.5939512252807617,1.0727158784866333,18.209957122802734,37.0
1648226810.496078,2.0949550629,1.1638382721,2.5967009735,1.1638382721,1.1638382721,1.514122486114502,0.49810972809791565,0.0,1.5939512252807617,1.0727158784866333,18.209957122802734,37.0
1648226810.5631387,2.09533638,1.1608642578,2.5979525757,1.1608642578,1.1608642578,1.5814493894577026,0.19924388825893402,0.0,1.5939512252807617,0.6704474091529846,7.180755615234375,35.29999923706055
1648226810.5993607,1.1533559418,2.0960069275,2.5975466156,1.1533559418,1.1533559418,1.9211788177490234,0.06006617471575737,0.0,1.9221175909042358,-0.5363579392433167,1.7907847166061401,24.5
1648226810.6626768,1.2301044464,2.0950497437,1.8606343842,1.2301044464,1.2301044464,2.014894723892212,-0.06299623101949692,0.0,2.0158793926239014,-0.6704474091529846,-1.7907847166061401,23.700000762939453
1648226810.6958113,1.2168958282,2.0911769104,2.5979434967,1.2168958282,1.2168958282,0.03963707759976387,0.08497165888547897,0.0,0.09376183152198792,0.0,64.9921646118164,26.399999618530273
1648226810.7619612,1.2108673859,2.0921717072,2.5940330505,1.2108673859,1.2108673859,1.4396334886550903,0.4219282269477844,0.0,1.5001893043518066,-0.2681789696216583,16.334821701049805,24.700000762939453
1648226810.7961528,1.1982566833,2.0926269531,2.5955388641,1.1982566833,1.1982566833,1.4396334886550903,0.4219282269477844,0.0,1.5001893043518066,-0.2681789696216583,16.334821701049805,24.700000762939453
1648226810.865467,2.0909693909,1.0943062592,2.5985881042,1.0943062592,1.0943062592,1.1628304719924927,-0.14650286734104156,0.0,1.1720229387283325,-0.4022684693336487,-7.180755615234375,45.099998474121094
1648226810.9016714,1.0747436523,2.0923468018,2.5962755585,1.0747436523,1.0747436523,1.1576275825500488,-0.18312858045101166,0.0,1.1720229387283325,-0.4022684693336487,-8.989299774169922,47.70000076293945
1648226810.9621425,2.0937138367,2.5980018616,1.1370578766,1.1370578766,1.1370578766,1.0797251462936401,-0.3164461851119995,0.0,1.125141978263855,-0.5363579392433167,-16.334821701049805,54.099998474121094
1648226811.0035737,1.1168506622,1.1091011047,1.0686425781,1.0686425781,1.0686425781,0.03963707759976387,0.08497165888547897,0.0,0.09376183152198792,0.0,64.9921646118164,65.69999694824219
1648226811.0727708,2.0958266449,1.0064398956,2.602240448,1.0064398956,1.0064398956,0.03963707759976387,0.08497165888547897,0.0,0.09376183152198792,0.0,64.9921646118164,54.5
1648226811.0953827,2.0956100464,1.0602172852,2.6068331146,1.0602172852,1.0602172852,1.012553095817566,-0.3706522285938263,0.0,1.0782610177993774,-0.5363579392433167,-20.10550880432129,54.5
1648226811.1622052,2.0940731049,2.6058240509,1.0314875031,1.0314875031,1.0314875031,0.9274360537528992,-0.4512288272380829,0.0,1.0313801765441895,-0.6704474091529846,-25.944480895996094,31.899999618530273
1648226811.1956365,2.6053908539,0.9215099335,2.090917511,0.9215099335,0.9215099335,0.8696385622024536,-0.46148401498794556,0.0,0.9844992160797119,-0.6704474091529846,-27.953187942504883,57.900001525878906
1648226811.2624166,2.6040769958,0.9007476044,1.8720687103,0.9007476044,0.9007476044,0.8282272219657898,-0.4395085871219635,0.0,0.9376183152198792,-0.6704474091529846,-27.95318603515625,50.099998474121094
1648226811.2965834,2.0926931,2.6045114899,0.950474472,0.950474472,0.950474472,0.03963707759976387,0.08497165888547897,0.0,0.09376183152198792,0.0,64.9921646118164,45.900001525878906
1648226811.3638768,2.0931483459,2.6066087341,0.935430603,0.935430603,0.935430603,0.9532373547554016,0.9024576544761658,0.0,1.3126657009124756,0.4022684693336487,43.43253707885742,35.599998474121094
1648226811.3966486,2.0934207153,2.603996582,0.8256047821,0.8256047821,0.8256047821,1.5210920572280884,-0.6153120398521423,0.0,1.6408320665359497,-0.5363579392433167,-22.02431297302246,35.599998474121094
1648226811.4631655,2.0934583282,0.8134545135,2.5955427551,0.8134545135,0.8134545135,0.9126551747322083,-0.36918720602989197,0.0,0.9844991564750671,-0.2681789696216583,-22.02431297302246,39.400001525878906
1648226811.4966369,2.0964868164,0.8149447632,2.5994570923,0.8149447632,0.8149447632,1.5869309902191162,0.14943291246891022,0.0,1.5939511060714722,-0.5363579392433167,5.379378795623779,28.399999618530273
1648226811.5626073,0.8293128967,2.0960756683,1.6292202759,0.8293128967,0.8293128967,1.4333101511001587,0.6973536014556885,0.0,1.5939511060714722,-0.5363579392433167,25.944480895996094,31.799999237060547
1648226811.5986397,1.7059389496,0.8463541412,2.0954764557,0.8463541412,0.8463541412,0.03963707759976387,0.08497165888547897,0.0,0.09376183152198792,0.0,64.9921646118164,41.099998474121094
1648226811.6635373,1.8074004364,0.9550865936,2.0945387268,0.9550865936,0.9550865936,1.1694039106369019,-0.8629018068313599,0.0,1.453308343887329,1.0727158784866333,-36.4235725402832,29.5
1648226811.69562,0.9065996552,2.0969744873,1.6390995026,0.9065996552,0.9065996552,1.3504194021224976,0.8467864990234375,0.0,1.5939509868621826,-0.4022684693336487,32.08995056152344,29.5
1648226811.7624867,1.0330879974,2.0954621887,2.5973442841,1.0330879974,1.0330879974,1.5814493894577026,0.19924388825893402,0.0,1.5939512252807617,-0.6704474091529846,7.180755615234375,41.70000076293945
1648226811.7964938,0.9908746338,2.596496048,2.1038057709,0.9908746338,0.9908746338,1.1710848808288574,0.9376183152198792,0.0,1.5001893043518066,-0.2681789696216583,38.68218994140625,23.899999618530273
1648226811.8624115,2.0960717773,2.5981886292,1.1156807709,1.1156807709,1.1156807709,1.052146553993225,0.2358696013689041,0.0,1.0782610177993774,0.9386264085769653,12.635625839233398,30.200000762939453
1648226811.8962593,2.5222325897,2.0941159058,1.0670524597,1.0670524597,1.0670524597,0.03963707759976387,0.08497165888547897,0.0,0.09376183152198792,0.0,64.9921646118164,52.400001525878906
1648226811.9622486,2.0936152649,2.4178787994,2.5974065399,2.0936152649,1.0670524597,1.151236653327942,0.21975430846214294,0.0,1.1720229387283325,0.6704474091529846,10.806922912597656,49.0
1648226811.9962523,1.2120891571,2.0907994843,2.5983001709,1.2120891571,1.2120891571,1.151236653327942,0.21975430846214294,0.0,1.1720229387283325,0.6704474091529846,10.806922912597656,49.0
1648226812.0624259,2.095322113,2.5983183289,1.2288282013,1.2288282013,1.2288282013,1.1972860097885132,0.2285444587469101,0.0,1.2189037799835205,0.5363579392433167,10.806922912597656,37.79999923706055
1648226812.0961688,2.095789032,2.5986438751,1.2324481201,1.2324481201,1.2324481201,0.7943643927574158,1.4357280731201172,0.0,1.6408320665359497,0.5363579392433167,61.04497146606445,24.399999618530273
1648226812.1633725,2.0947112274,2.5974195099,1.1542015839,1.1542015839,1.1542015839,0.8800604343414307,-0.9097827672958374,0.0,1.265784740447998,0.0,-45.95137023925781,28.5
1648226812.1966774,2.0951094055,1.1598590851,2.597352066,1.1598590851,1.1598590851,0.03963707759976387,0.08497165888547897,0.0,0.09376183152198792,0.0,64.9921646118164,28.200000762939453
1648226812.262979,2.0962014771,1.1625892639,2.5968929291,1.1625892639,1.1625892639,1.634121060371399,0.4219282269477844,0.0,1.6877130270004272,0.5363579392433167,14.477511405944824,23.5
1648226812.2954876,2.0954206848,1.1566127014,2.598249588,1.1566127014,1.1566127014,1.634121060371399,0.4219282269477844,0.0,1.6877130270004272,0.5363579392433167,14.477511405944824,23.5
1648226812.3629408,2.0959368896,1.1495816803,2.5974571228,1.1495816803,1.1495816803,0.9612730145454407,1.0899813175201416,0.0,1.453308343887329,0.4022684693336487,48.59038162231445,28.5
1648226812.3964179,2.0957540131,1.2277024078,2.5972496033,1.2277024078,1.2277024078,1.2225292921066284,0.5948016047477722,0.0,1.3595465421676636,-0.2681789696216583,25.94447898864746,29.5
1648226812.4624155,2.09445961,1.2041100311,2.5977307892,1.2041100311,1.2041100311,1.2225292921066284,0.5948016047477722,0.0,1.3595465421676636,-0.2681789696216583,25.94447898864746,48.599998474121094
1648226812.4965959,1.1919169617,2.0947332764,1.7822451782,1.1919169617,1.1919169617,0.03963707759976387,0.08497165888547897,0.0,0.09376183152198792,0.0,64.9921646118164,52.0
1648226812.5638137,1.0842156219,2.0953675079,1.7800247192,1.0842156219,1.0842156219,1.1720229387283325,-0.0,0.0,1.1720229387283325,-0.5363579392433167,-0.0,49.599998474121094
1648226812.5961406,1.0640628815,2.0976515198,2.596061554,1.0640628815,1.0640628815,1.1720229387283325,-0.0,0.0,1.1720229387283325,-0.5363579392433167,-0.0,49.599998474121094
1648226812.6623578,1.1274678802,2.0931768799,2.5968488312,1.1274678802,1.1274678802,1.1201865673065186,-0.1054820567369461,0.0,1.125141978263855,-0.5363579392433167,-5.379378795623779,48.900001525878906
1648226812.6955848,1.0182931519,2.0918863678,2.5972612762,1.0182931519,1.0182931519,1.0650173425674438,-0.16847828030586243,0.0,1.0782610177993774,-0.5363579392433167,-8.989298820495605,53.400001525878906
1648226812.7624776,0.9909576416,2.0976372528,2.5986763,0.9909576416,0.9909576416,1.0064010620117188,-0.22561441361904144,0.0,1.0313801765441895,-0.5363579392433167,-12.635625839233398,54.599998474121094
1648226812.7967496,2.0936412048,1.0465339661,2.5982210541,1.0465339661,1.0465339661,0.03963707759976387,0.08497165888547897,0.0,0.09376183152198792,0.0,64.9921646118164,56.400001525878906
1648226812.863268,2.0936762238,1.0265848541,2.5968423462,1.0265848541,1.0265848541,0.9245049953460693,-0.33842161297798157,0.0,0.9844992160797119,-0.4022684693336487,-20.105510711669922,52.29999923706055
1648226812.8968668,2.0943610382,0.9245137787,2.598686676,0.9245137787,0.9245137787,0.9245049953460693,-0.33842161297798157,0.0,0.9844992160797119,-0.4022684693336487,-20.105510711669922,52.29999923706055
1648226812.9632316,2.0952754211,2.5999162292,0.9074050903,0.9074050903,0.9074050903,0.9126551747322083,-0.36918720602989197,0.0,0.9844991564750671,-0.4022684693336487,-22.02431297302246,56.400001525878906
1648226812.996047,2.093577652,2.5975362396,0.977059021,0.977059021,0.977059021,0.8567599654197693,-0.38090744614601135,0.0,0.9376183152198792,-0.2681789696216583,-23.969484329223633,49.0
1648226813.062485,0.962011261,0.976166687,2.0953843689,0.976166687,0.976166687,0.9995746612548828,-0.40434789657592773,0.0,1.0782610177993774,-0.4022684693336487,-22.02431297302246,47.20000076293945
1648226813.0963774,2.092253418,1.3471376801,0.9488091278,0.9488091278,0.9488091278,0.03963707759976387,0.08497165888547897,0.0,0.09376183152198792,0.0,64.9921646118164,27.700000762939453
1648226813.1639853,2.0970613861,0.9359143829,2.5998954773,0.9359143829,0.9359143829,0.8800604343414307,-0.9097827672958374,0.0,1.265784740447998,0.0,-45.95137023925781,37.599998474121094
1648226813.195586,2.096651535,0.8425448608,2.5949085236,0.8425448608,0.8425448608,0.8364569544792175,-0.30619099736213684,0.0,0.8907374143600464,-0.2681789696216583,-20.105510711669922,37.599998474121094
1648226813.2623847,0.8421985626,2.0977760315,2.5975466156,0.8421985626,0.8421985626,1.0232908725738525,1.1603026390075684,0.0,1.5470702648162842,1.0727158784866333,48.59037399291992,26.399999618530273
1648226813.2967072,0.9369454956,2.0950691986,2.5984181976,0.9369454956,0.9369454956,1.4527937173843384,0.5318053960800171,0.0,1.5470702648162842,-0.2681789696216583,20.10550880432129,26.100000381469727
1648226813.3630152,0.9590813446,2.0958266449,2.5990316772,0.9590813446,0.9590813446,0.9657094478607178,1.208648681640625,0.0,1.5470702648162842,-0.2681789696216583,51.37517166137695,25.0
1648226813.397078,1.7000739288,0.8951795959,2.1021105957,0.8951795959,0.8951795959,0.03963707759976387,0.08497165888547897,0.0,0.09376183152198792,0.0,64.9921646118164,34.5
1648226813.463208,0.9203620911,2.0946398926,2.5944429016,0.9203620911,0.9203620911,0.36047741770744324,1.4078924655914307,0.0,1.453308343887329,1.0727158784866333,75.63848114013672,23.299999237060547
1648226813.4956312,1.0347766876,2.0974932861,1.778345108,1.0347766876,1.0347766876,1.773628830909729,-0.1670132577419281,0.0,1.7814749479293823,1.6090738773345947,-5.379378318786621,23.299999237060547
1648226813.5628724,0.9811082458,2.0961158752,1.46272995,0.9811082458,0.9811082458,1.7806048393249512,-0.0556710883975029,0.0,1.7814749479293823,0.6704474091529846,-1.7907847166061401,36.099998474121094
1648226813.5960064,1.0099184418,2.0945568848,1.406031723,1.0099184418,1.0099184418,2.062760353088379,-0.0,0.0,2.062760353088379,1.3408948183059692,-0.0,42.70000076293945
1648226813.6623678,2.0921989441,1.1290035248,2.5984143066,1.1290035248,1.1290035248,1.1201865673065186,0.1054820567369461,0.0,1.125141978263855,0.6704474091529846,5.379378795623779,26.600000381469727
1648226813.695746,2.0975205231,1.0717164612,2.5982301331,1.0717164612,1.0717164612,0.03963707759976387,0.08497165888547897,0.0,0.09376183152198792,0.0,64.9921646118164,53.29999923706055
1648226813.7631383,2.0969796753,2.597791748,1.094381485,1.094381485,1.094381485,1.1576275825500488,0.18312858045101166,0.0,1.1720229387283325,0.5363579392433167,8.989299774169922,51.099998474121094
1648226813.7963824,2.1014037323,1.2014252472,2.5974298859,1.2014252472,1.2014252472,1.1576275825500488,0.18312858045101166,0.0,1.1720229387283325,0.5363579392433167,8.989299774169922,51.099998474121094
1648226813.8622496,2.095346756,2.5968267822,1.2159827423,1.2159827423,1.2159827423,1.2039326429367065,0.19045370817184448,0.0,1.2189037799835205,0.4022684693336487,8.989298820495605,39.0
1648226813.8964577,2.0951029205,2.5979564667,1.2264832306,1.2264832306,1.2264832306,0.8800604343414307,-0.9097827672958374,0.0,1.265784740447998,0.0,-45.95137023925781,43.20000076293945
1648226813.962404,2.095785141,2.5976983643,1.1482003784,1.1482003784,1.1482003784,0.8800604343414307,-0.9097827672958374,0.0,1.265784740447998,0.0,-45.95137023925781,28.100000381469727
1648226813.9969869,2.0960536194,1.1510122681,2.5966905975,1.1510122681,1.1510122681,0.03963707759976387,0.08497165888547897,0.0,0.09376183152198792,0.0,64.9921646118164,28.200000762939453
1648226814.062622,1.1544739532,2.094910965,2.5979707336,1.1544739532,1.1544739532,0.8800604343414307,-0.9097827672958374,0.0,1.265784740447998,0.0,-45.95137023925781,28.200000762939453
1648226814.0955172,2.0959732056,1.2270240784,2.5976672363,1.2270240784,1.2270240784,0.8800604343414307,-0.9097827672958374,0.0,1.265784740447998,0.0,-45.95137023925781,28.200000762939453
1648226814.1682003,2.095765686,2.5987943268,1.2166040039,1.2166040039,1.2166040039,1.209343671798706,0.15236297249794006,0.0,1.21890389919281,-0.4022684693336487,7.180755615234375,27.299999237060547
1648226814.2030535,2.0945257568,1.1994278717,2.5957035828,1.1994278717,1.1994278717,1.2135354280471802,0.11427222937345505,0.0,1.2189037799835205,-0.4022684693336487,5.379378795623779,44.79999923706055
1648226814.2617288,2.0976644897,1.095241394,2.5998993683,1.095241394,1.095241394,1.169731616973877,0.07325143367052078,0.0,1.1720229387283325,-0.5363579392433167,3.5833218097686768,49.70000076293945
1648226814.2957768,1.0771366119,2.0969783783,1.7810402679,1.0771366119,1.0771366119,1.1245924234390259,0.03516068682074547,0.0,1.125141978263855,-0.5363579392433167,1.7907847166061401,50.599998474121094
1648226814.3633618,1.1364560699,2.0943701172,1.769526825,1.1364560699,1.1364560699,1.4729186296463013,-1.0020796060562134,0.0,1.7814749479293823,-0.6704474091529846,-34.22886276245117,53.70000076293945
1648226814.3966448,1.1131892395,2.0951119995,1.4783691406,1.1131892395,1.1131892395,1.125141978263855,-0.0,0.0,1.125141978263855,-0.5363579392433167,-0.0,53.70000076293945
1648226814.4630387,1.0047641754,2.0977228546,2.596055069,1.0047641754,1.0047641754,1.077734351158142,-0.033695656806230545,0.0,1.078260898590088,-0.5363579392433167,-1.7907847166061401,53.099998474121094
1648226814.4968848,0.9817139435,2.0951612854,2.5973987579,0.9817139435,0.9817139435,1.023290753364563,-0.12892252206802368,0.0,1.0313800573349,-0.5363579392433167,-7.180755615234375,57.5
1648226814.5630984,1.0440982056,2.0937760925,2.5975816345,1.0440982056,1.0440982056,0.9724071621894836,-0.1538279950618744,0.0,0.9844992160797119,-0.5363579392433167,-8.989298820495605,58.20000076293945
1648226814.5979464,1.0246601105,2.097111969,1.6013050079,1.0246601105,1.0246601105,1.934077501296997,-0.36918720602989197,0.0,1.9689984321594238,0.5363579392433167,-10.806922912597656,55.599998474121094
1648226814.6640012,0.919935379,2.0941535187,2.5992391968,0.919935379,0.919935379,0.8997709155082703,-0.26370516419410706,0.0,0.9376183152198792,-0.4022684693336487,-16.334821701049805,57.900001525878906
1648226814.695359,0.9020134735,2.0955867004,2.6015270996,0.9020134735,0.9020134735,0.8997709155082703,-0.26370516419410706,0.0,0.9376183152198792,-0.4022684693336487,-16.334821701049805,57.900001525878906
1648226814.7624414,2.0946865845,0.9762847137,2.5967554474,0.9762847137,0.9762847137,0.890660285949707,-0.29300573468208313,0.0,0.9376183152198792,-0.2681789696216583,-18.209957122802734,52.099998474121094
1648226814.7959387,2.0943934631,0.9662433624,2.5961653137,0.9662433624,0.9662433624,0.9191930890083313,-0.8702269792556763,0.0,1.265784740447998,0.0,-43.43253707885742,28.200000762939453
1648226814.8643684,2.0954167938,0.9613355255,2.5962677765,0.9613355255,0.9613355255,0.9191930890083313,-0.8702269792556763,0.0,1.265784740447998,0.0,-43.43253707885742,30.0
1648226814.8971264,2.0928993225,2.5966296387,0.9607713318,0.9607713318,0.9607713318,0.03963707759976387,0.08497165888547897,0.0,0.09376183152198792,0.0,64.9921646118164,26.5
1648226814.9626944,2.0946632385,0.9619567871,2.5974324799,0.9619567871,0.9619567871,0.9191930890083313,-0.8702269792556763,0.0,1.265784740447998,0.0,-43.43253707885742,24.799999237060547
1648226814.995642,0.971321106,2.0946152496,2.5963858032,0.971321106,0.971321106,0.9191930890083313,-0.8702269792556763,0.0,1.265784740447998,0.0,-43.43253707885742,24.799999237060547
1648226815.0626698,0.8972340393,2.0932404327,2.5983663177,0.8972340393,0.8972340393,0.9191930890083313,-0.8702269792556763,0.0,1.265784740447998,0.0,-43.43253707885742,27.700000762939453
1648226815.0963104,0.9114011383,2.0965918732,2.600047226,0.9114011383,0.9114011383,1.829820156097412,-0.4102080166339874,0.0,1.8752366304397583,0.8045369386672974,-12.635625839233398,27.5
1648226815.1649556,2.0939343262,0.9218821716,2.5954039764,0.9218821716,0.9218821716,0.5945562720298767,1.274574875831604,0.0,1.4064275026321411,0.8045369386672974,64.9921646118164,23.799999237060547
1648226815.1979795,1.0260621643,2.0933039856,2.5967813873,1.0260621643,1.0260621643,0.5945562720298767,1.274574875831604,0.0,1.4064275026321411,0.8045369386672974,64.9921646118164,23.799999237060547
1648226815.2634943,1.0495339203,2.0870472717,2.5984039307,1.0495339203,1.0495339203,2.0617527961730957,-0.06446126103401184,0.0,2.0627601146698,-0.4022684693336487,-1.7907847166061401,32.900001525878906
1648226815.2985837,0.9864907837,2.0956956482,2.5926271057,0.9864907837,0.9864907837,2.0617527961730957,-0.06446126103401184,0.0,2.0627601146698,-0.4022684693336487,-1.7907847166061401,32.900001525878906
1648226815.3621964,1.0116538239,2.0954544067,1.9420676422,1.0116538239,1.0116538239,1.9680367708206177,-0.061531201004981995,0.0,1.9689984321594238,1.6090738773345947,-1.7907847166061401,24.700000762939453
1648226815.3991094,1.1188791656,2.0958318329,1.9486888123,1.1188791656,1.1188791656,2.0158793926239014,-0.0,0.0,2.0158793926239014,1.3408948183059692,-0.0,43.29999923706055
1648226815.4674017,2.0939019012,1.1399099731,2.6040990448,1.1399099731,1.1399099731,2.014894723892212,0.06299623101949692,0.0,2.0158793926239014,1.2068053483963013,1.7907847166061401,36.29999923706055
1648226815.498411,1.0746009827,2.1014737701,2.5968190002,1.0746009827,1.0746009827,2.147024154663086,0.20217394828796387,0.0,2.156522035598755,1.2068053483963013,5.3793792724609375,36.599998474121094
1648226815.5618908,2.0961106873,1.0894814301,2.5977204132,1.0894814301,1.0894814301,2.152305841445923,0.13478262722492218,0.0,2.156522035598755,0.8045369386672974,3.583322048187256,25.600000381469727
1648226815.5949717,1.1045071411,2.0990198517,2.5975064087,1.1045071411,1.1045071411,2.152305841445923,0.13478262722492218,0.0,2.156522035598755,0.8045369386672974,3.583322048187256,25.600000381469727
1648226815.6623259,2.0933688354,1.1982372284,2.5989006805,1.1982372284,1.1982372284,2.3152551651000977,0.3662571609020233,0.0,2.344045877456665,0.6704474091529846,8.989299774169922,25.799999237060547
1648226815.6955981,1.2067520142,2.59690979,2.0859396362,1.2067520142,1.2067520142,0.8800604343414307,-0.9097827672958374,0.0,1.265784740447998,0.0,-45.95137023925781,27.799999237060547
1648226815.762691,2.0909473419,1.2097052765,2.5988449097,1.2097052765,1.2097052765,0.8800604343414307,-0.9097827672958374,0.0,1.265784740447998,0.0,-45.95137023925781,26.299999237060547
1648226815.7977247,2.0939459991,1.2064640808,2.5976996613,1.2064640808,1.2064640808,0.8800604343414307,-0.9097827672958374,0.0,1.265784740447998,0.0,-45.95137023925781,26.299999237060547
1648226815.8679879,2.0956100464,1.2039673615,2.5981795502,1.2039673615,1.2039673615,0.03963707759976387,0.08497165888547897,0.0,0.09376183152198792,0.0,64.9921646118164,27.299999237060547
1648226815.8951306,2.5481037903,2.0916619873,1.1976937866,1.1976937866,1.1976937866,0.8800604343414307,-0.9097827672958374,0.0,1.265784740447998,0.0,-45.95137023925781,27.299999237060547
1648226815.964051,2.0943999481,2.5962522125,1.1009533691,1.1009533691,1.1009533691,1.1628304719924927,0.14650286734104156,0.0,1.1720229387283325,-0.2681789696216583,7.180755615234375,27.5
1648226815.9998682,1.0876850891,2.0936749268,1.1980115509,1.0876850891,1.0876850891,1.1628304719924927,0.14650286734104156,0.0,1.1720229387283325,-0.4022684693336487,7.180755615234375,47.0
1648226816.064249,2.0997319031,1.1434131622,2.5962664795,1.1434131622,1.1434131622,1.122942328453064,0.07032137364149094,0.0,1.125141978263855,-0.5363579392433167,3.5833218097686768,55.70000076293945
1648226816.098973,2.0924661255,1.1297661591,2.0924661255,1.1297661591,1.1297661591,1.1245924234390259,0.03516068682074547,0.0,1.125141978263855,-0.5363579392433167,1.7907847166061401,55.900001525878906
1648226816.1623018,1.0175538635,2.0933364105,1.7762478638,1.0175538635,1.0175538635,1.077734351158142,0.033695656806230545,0.0,1.078260898590088,-0.5363579392433167,1.7907847166061401,55.5
1648226816.1954017,0.9985658264,2.0907800293,2.0907800293,0.9985658264,0.9985658264,1.077734351158142,0.033695656806230545,0.0,1.078260898590088,-0.5363579392433167,1.7907847166061401,55.5
1648226816.2708914,1.0614688873,2.1017578125,2.5930732727,1.0614688873,1.0614688873,2.1990952491760254,0.13771268725395203,0.0,2.2034029960632324,-0.2681789696216583,3.5833218097686768,57.099998474121094
1648226816.299229,1.0441111755,2.0937864685,2.5971743774,1.0441111755,1.0441111755,0.03963707759976387,0.08497165888547897,0.0,0.09376183152198792,0.0,64.9921646118164,23.100000381469727
1648226816.361826,2.1129807281,1.0289453888,2.5966439056,1.0289453888,1.0289453888,0.9724071621894836,-0.1538279950618744,0.0,0.9844992160797119,-0.2681789696216583,-8.989298820495605,61.20000076293945
1648226816.398564,0.9292737579,2.0936723328,2.6006062317,0.9292737579,0.9292737579,0.9724071621894836,-0.1538279950618744,0.0,0.9844992160797119,-0.2681789696216583,-8.989298820495605,57.400001525878906
1648226816.465821,0.9209210968,2.0920705414,2.596907196,0.9209210968,0.9209210968,0.9191930890083313,-0.8702269792556763,0.0,1.265784740447998,0.0,-43.43253707885742,55.099998474121094
1648226816.4980302,2.0936386108,0.9109757233,2.597816391,0.9109757233,0.9109757233,0.914910078048706,-0.2051040083169937,0.0,0.9376183152198792,-0.13408948481082916,-12.635625839233398,27.799999237060547
1648226816.562509,0.9019940186,2.1103504181,2.5983805847,0.9019940186,0.9019940186,0.9078450202941895,-0.2344045788049698,0.0,0.9376183152198792,-0.13408948481082916,-14.477511405944824,27.299999237060547
1648226816.595294,2.0950743866,0.9047773743,2.598274231,0.9047773743,0.9047773743,2.150038719177246,-0.4819943904876709,0.0,2.2034029960632324,0.4022684693336487,-12.635624885559082,23.200000762939453
1648226816.66215,2.0953934479,0.9038681793,2.6013260651,0.9038681793,0.9038681793,0.8997709155082703,-0.26370516419410706,0.0,0.9376183152198792,0.13408948481082916,-16.334821701049805,24.299999237060547
1648226816.6959724,2.0960497284,0.9064427185,2.6037306976,0.9064427185,0.9064427185,0.03963707759976387,0.08497165888547897,0.0,0.09376183152198792,0.0,64.9921646118164,23.100000381469727
1648226816.7640553,0.9213983917,2.0924012756,2.5990537262,0.9213983917,0.9213983917,0.03963707759976387,0.08497165888547897,0.0,0.09376183152198792,0.0,64.9921646118164,26.0
1648226816.7960422,0.9285279846,2.0918461609,2.5970018768,0.9285279846,0.9285279846,0.9532372951507568,-0.24612480401992798,0.0,0.9844992160797119,0.13408948481082916,-14.477511405944824,26.0
1648226816.863258,1.0308934784,2.0956710052,2.5980589294,1.0308934784,1.0308934784,1.8880281448364258,-0.3603970408439636,0.0,1.9221175909042358,0.4022684693336487,-10.806922912597656,56.900001525878906
1648226816.8960168,1.0449866486,0.9799046326,2.0906412506,0.9799046326,0.9799046326,1.8880281448364258,-0.3603970408439636,0.0,1.9221175909042358,0.6704474091529846,-10.806922912597656,37.0
1648226816.962332,1.0571472931,2.0540049744,2.0916671753,1.0571472931,1.0571472931,2.000068187713623,-0.25198492407798767,0.0,2.0158793926239014,0.9386264085769653,-7.180756092071533,35.0
1648226816.9981074,2.0955594635,0.985925293,2.5972068024,0.985925293,0.985925293,2.046581506729126,-0.25784504413604736,0.0,2.0627601146698,1.0727158784866333,-7.180755615234375,25.100000381469727
1648226817.062772,2.0944245911,1.0001377869,2.5984065247,1.0001377869,1.0001377869,2.2926738262176514,-0.14357280731201172,0.0,2.2971649169921875,1.2068053483963013,-3.5833218097686768,33.099998474121094
1648226817.0953586,1.0187094879,2.4208450317,2.0955400085,1.0187094879,1.0187094879,2.2926738262176514,-0.14357280731201172,0.0,2.2971649169921875,1.2068053483963013,-3.5833218097686768,33.099998474121094
1648226817.1625526,1.1172177124,2.0966333771,1.4725793457,1.1172177124,1.1172177124,2.202326774597168,-0.06885634362697601,0.0,2.2034029960632324,1.2068053483963013,-1.7907847166061401,41.20000076293945
1648226817.195731,2.0984115601,1.1308063507,1.6496778107,1.1308063507,1.1308063507,2.1096413135528564,-0.0,0.0,2.1096413135528564,1.0727158784866333,-0.0,34.29999923706055
1648226817.2633717,2.0892314148,1.1444909668,1.7806083679,1.1444909668,1.1444909668,2.155468702316284,0.06739131361246109,0.0,2.156521797180176,0.8045369386672974,1.7907847166061401,27.399999618530273
1648226817.2974694,1.070017395,2.1009329224,2.6008332062,1.070017395,1.070017395,0.03963707759976387,0.08497165888547897,0.0,0.09376183152198792,0.0,64.9921646118164,25.100000381469727
1648226817.3686366,2.0958123779,1.0814050293,2.5988085938,1.0814050293,1.0814050293,0.03963707759976387,0.08497165888547897,0.0,0.09376183152198792,0.0,64.9921646118164,25.600000381469727
1648226817.3991458,2.0945491028,1.085960083,2.5979149628,1.085960083,1.085960083,1.4616022109985352,-0.8438564538955688,0.0,1.6877129077911377,0.2681789696216583,-30.0,25.600000381469727
1648226817.4619193,2.0971910858,1.0942504883,2.5962729645,1.0942504883,1.0942504883,0.8800604343414307,-0.9097827672958374,0.0,1.265784740447998,0.0,-45.95137023925781,25.799999237060547
1648226817.495267,2.0912352753,2.5971847534,1.0922751617,1.0922751617,1.0922751617,0.8800604343414307,-0.9097827672958374,0.0,1.265784740447998,0.0,-45.95137023925781,29.100000381469727
1648226817.5621786,2.0963480377,2.5981523132,1.0944541168,1.0944541168,1.0944541168,0.8800604343414307,-0.9097827672958374,0.0,1.265784740447998,0.0,-45.95137023925781,26.100000381469727
1648226817.597668,2.0961664581,2.5974402618,1.0861857605,1.0861857605,1.0861857605,0.8800604343414307,-0.9097827672958374,0.0,1.265784740447998,0.0,-45.95137023925781,26.100000381469727
1648226817.667042,2.0961145782,2.5957386017,1.0823985291,1.0823985291,1.0823985291,0.8800604343414307,-0.9097827672958374,0.0,1.265784740447998,0.0,-45.95137023925781,27.100000381469727
1648226817.6960852,2.0968759155,1.0725711823,2.5950369263,1.0725711823,1.0725711823,0.8800604343414307,-0.9097827672958374,0.0,1.265784740447998,0.0,-45.95137023925781,25.200000762939453
1648226817.762253,1.1460356903,2.261359787,2.0972351837,1.1460356903,1.1460356903,1.1163171529769897,0.14064274728298187,0.0,1.125141978263855,-0.2681789696216583,7.180755615234375,50.20000076293945
1648226817.7957432,1.1347557068,2.0964206696,2.5972029114,1.1347557068,1.1347557068,1.1163171529769897,0.14064274728298187,0.0,1.125141978263855,-0.2681789696216583,7.180755615234375,50.599998474121094
1648226817.862718,1.117829895,2.0978888702,1.0686425781,1.0686425781,1.0686425781,1.0698039531707764,0.13478262722492218,0.0,1.0782610177993774,-0.2681789696216583,7.180755615234375,65.30000305175781
1648226817.8991623,1.0136849213,2.1637244415,2.3095341492,1.0136849213,1.0136849213,1.077734351158142,0.033695656806230545,0.0,1.078260898590088,-0.4022684693336487,1.7907847166061401,55.400001525878906
1648226817.9651508,2.1666880798,0.9955152893,1.4726805115,0.9955152893,0.9955152893,2.062760353088379,-0.0,0.0,2.062760353088379,-0.5363579392433167,-0.0,59.79999923706055
1648226817.9954393,0.981026535,2.0942248535,1.4700683594,0.981026535,0.981026535,1.0313801765441895,-0.0,0.0,1.0313801765441895,-0.4022684693336487,-0.0,59.79999923706055
1648226818.0624435,2.0878656769,1.0512550354,2.6760694122,1.0512550354,1.0512550354,1.1710848808288574,-0.9376183152198792,0.0,1.5001893043518066,-0.5363579392433167,-38.68218994140625,56.599998474121094
1648226818.096298,2.0943545532,1.0361657715,2.5938903809,1.0361657715,1.0361657715,0.982574462890625,-0.061531201004981995,0.0,0.9844991564750671,-0.2681789696216583,-3.5833218097686768,59.79999923706055
1648226818.1622849,1.0307365417,2.091794281,2.5961510468,1.0307365417,1.0307365417,0.9767775535583496,-0.12306240200996399,0.0,0.9844992160797119,-0.13408948481082916,-7.180755615234375,30.600000381469727
1648226818.1960351,1.0265653992,2.098433609,1.4702888489,1.0265653992,1.0265653992,0.03963707759976387,0.08497165888547897,0.0,0.09376183152198792,0.0,64.9921646118164,31.100000381469727
1648226818.2630727,1.0202230835,2.1064749908,2.5990926361,1.0202230835,1.0202230835,0.9670387506484985,-0.18459360301494598,0.0,0.9844992160797119,0.0,-10.806922912597656,33.79999923706055
1648226818.2961125,1.0205110168,2.0941146088,2.5960122681,1.0205110168,1.0205110168,0.9670387506484985,-0.18459360301494598,0.0,0.9844992160797119,0.0,-10.806922912597656,33.79999923706055
1648226818.362316,1.0232684326,2.3050374603,2.5996659088,1.0232684326,1.0232684326,0.9606555700302124,-0.21535921096801758,0.0,0.9844992160797119,0.0,-12.635625839233398,23.299999237060547
1648226818.3958974,1.0267417908,2.5004560089,2.4845483398,1.0267417908,1.0267417908,1.9670567512512207,-0.4409736096858978,0.0,2.0158793926239014,0.2681789696216583,-12.635624885559082,29.100000381469727
1648226818.4633112,1.034591217,2.0247914124,2.5988150787,1.034591217,1.034591217,1.9670567512512207,-0.4409736096858978,0.0,2.0158793926239014,0.4022684693336487,-12.635624885559082,28.399999618530273
1648226818.4963398,2.0047826385,1.0427934265,2.0047826385,1.0427934265,1.0427934265,0.03963707759976387,0.08497165888547897,0.0,0.09376183152198792,0.0,64.9921646118164,31.700000762939453
1648226818.5628166,1.0495767212,2.0959252167,2.5977139282,1.0495767212,1.0495767212,1.934077501296997,-0.36918720602989197,0.0,1.9689984321594238,0.4022684693336487,-10.806922912597656,46.29999923706055
1648226818.5962954,1.0608774567,2.0973285675,2.0488079071,1.0608774567,1.0608774567,1.934077501296997,-0.36918720602989197,0.0,1.9689984321594238,0.4022684693336487,-10.806922912597656,46.29999923706055
1648226818.663338,0.9836101532,2.0981443787,2.5961225128,0.9836101532,0.9836101532,1.9213111400604248,-0.43071842193603516,0.0,1.9689984321594238,0.6704474091529846,-12.635625839233398,48.099998474121094
1648226818.6964378,0.9924167633,2.1666374969,2.5969772339,0.9924167633,0.9924167633,2.0374245643615723,-0.3223063051700592,0.0,2.062760353088379,0.6704474091529846,-8.989299774169922,38.599998474121094
1648226818.7629154,2.2278324127,1.0006773376,2.5977294922,1.0006773376,1.0006773376,1.026837706565857,-0.09669189155101776,0.0,1.0313801765441895,0.2681789696216583,-5.3793792724609375,31.0
1648226818.7973208,1.0102245331,2.2850364685,2.0945568848,1.0102245331,1.0102245331,0.03963707759976387,0.08497165888547897,0.0,0.09376183152198792,0.0,64.9921646118164,54.0
1648226818.8637729,1.0193437195,2.0962468719,2.5961225128,1.0193437195,1.0193437195,2.1990952491760254,-0.13771268725395203,0.0,2.2034029960632324,0.8045369386672974,-3.5833218097686768,38.599998474121094
1648226818.8965216,1.1108001709,2.0833067322,1.8952032471,1.1108001709,1.1108001709,2.1990952491760254,-0.13771268725395203,0.0,2.2034029960632324,0.8045369386672974,-3.5833218097686768,38.599998474121094
1648226818.9625528,2.0863728333,1.1199336243,1.8942940521,1.1199336243,1.1199336243,2.1055169105529785,-0.13185258209705353,0.0,2.1096413135528564,0.8045369386672974,-3.5833218097686768,26.100000381469727
1648226818.9963055,1.1281669617,2.0904233551,1.4607507324,1.1281669617,1.1281669617,1.96514892578125,0.12306240200996399,0.0,1.9689983129501343,-0.4022684693336487,3.5833218097686768,35.70000076293945
1648226819.0631561,2.095344162,1.1338192749,1.4619906616,1.1338192749,1.1338192749,2.1096413135528564,-0.0,0.0,2.1096413135528564,0.5363579392433167,-0.0,33.099998474121094
1648226819.0964978,1.1403418732,2.0943338013,1.774818573,1.1403418732,1.1403418732,0.03963707759976387,0.08497165888547897,0.0,0.09376183152198792,0.0,64.9921646118164,26.200000762939453
1648226819.1622696,1.1422964478,2.095779953,2.6034038544,1.1422964478,1.1422964478,0.8800604343414307,-0.9097827672958374,0.0,1.265784740447998,0.0,-45.95137023925781,25.299999237060547
1648226819.1967854,2.0985153198,1.1456569672,2.5993624115,1.1456569672,1.1456569672,0.8800604343414307,-0.9097827672958374,0.0,1.265784740447998,0.0,-45.95137023925781,25.299999237060547
1648226819.2642307,2.0983013153,1.1449993896,2.5977774811,1.1449993896,1.1449993896,0.8800604343414307,-0.9097827672958374,0.0,1.265784740447998,0.0,-45.95137023925781,25.600000381469727
1648226819.2951298,2.0947475433,1.1436206818,2.5952301788,1.1436206818,1.1436206818,1.1201865673065186,0.1054820567369461,0.0,1.125141978263855,-0.13408948481082916,5.379378795623779,27.700000762939453
1648226819.3637493,2.0950666046,1.1401966095,2.5971808624,1.1401966095,1.1401966095,0.6039046049118042,-0.9493385553359985,0.0,1.125141978263855,-0.13408948481082916,-57.53825759887695,25.5
1648226819.398442,2.4569949341,2.0922806549,1.1363510132,1.1363510132,1.1363510132,0.6039046049118042,-0.9493385553359985,0.0,1.125141978263855,-0.13408948481082916,-57.53825759887695,25.5
1648226819.4723897,2.0961236572,2.5953041077,1.1266507721,1.1266507721,1.1266507721,0.03963707759976387,0.08497165888547897,0.0,0.09376183152198792,0.0,64.9921646118164,24.0
1648226819.4951336,2.0946385956,2.3120412445,1.1211852264,1.1211852264,1.1211852264,1.0698039531707764,0.13478262722492218,0.0,1.0782610177993774,-0.2681789696216583,7.180755615234375,24.0
1648226819.5622737,1.1121295929,2.1027616882,2.5979681396,1.1121295929,1.1121295929,1.0698039531707764,0.13478262722492218,0.0,1.0782610177993774,-0.2681789696216583,7.180755615234375,52.20000076293945
1648226819.5954044,1.0172685242,2.0352789307,0.803963089,1.0172685242,1.0172685242,1.0761529207229614,0.06739131361246109,0.0,1.0782610177993774,-0.2681789696216583,3.583322048187256,60.900001525878906
1648226819.664058,1.0069249725,2.0241688538,2.3177298737,1.0069249725,1.0069249725,1.0313801765441895,-0.0,0.0,1.0313801765441895,-0.2681789696216583,-0.0,28.700000762939453
1648226819.6993804,0.9950509644,2.090922699,2.0889629364,0.9950509644,0.9950509644,0.03963707759976387,0.08497165888547897,0.0,0.09376183152198792,0.0,64.9921646118164,56.900001525878906
1648226819.7646616,0.9842716217,2.0848410797,1.4680515289,0.9842716217,0.9842716217,0.03963707759976387,0.08497165888547897,0.0,0.09376183152198792,0.0,64.9921646118164,23.5
1648226819.7974546,1.0615583801,2.08956604,1.7844085693,1.0615583801,1.0615583801,1.0313801765441895,-0.0,0.0,1.0313801765441895,-0.13408948481082916,-0.0,23.5
1648226819.8651118,2.0966917419,1.053632431,2.676605072,1.053632431,1.053632431,1.0308763980865479,-0.03223063051700592,0.0,1.0313800573349,-0.13408948481082916,-1.7907847166061401,29.100000381469727
1648226819.8974233,1.0468997192,2.0987825012,2.7396391296,1.0468997192,1.0468997192,1.029363751411438,-0.06446126103401184,0.0,1.0313801765441895,-0.13408948481082916,-3.5833218097686768,32.5
1648226819.9619594,1.0457778168,2.0967150879,2.6008241272,1.0457778168,1.0457778168,1.0965843200683594,-0.9537336230278015,0.0,1.4533082246780396,-0.2681789696216583,-41.014503479003906,26.700000762939453
1648226819.9967756,2.0934687042,1.0453744507,2.2741572571,1.0453744507,1.0453744507,0.9767775535583496,-0.12306240200996399,0.0,0.9844992160797119,0.0,-7.180755615234375,25.0
1648226820.0626397,1.0526000214,2.1014179993,2.5998254395,1.0526000214,1.0526000214,2.0374245643615723,-0.3223063051700592,0.0,2.062760353088379,0.2681789696216583,-8.989299774169922,23.600000381469727
1648226820.0957541,1.0519268799,2.0846024323,2.5947917938,1.0519268799,1.0519268799,2.0374245643615723,-0.3223063051700592,0.0,2.062760353088379,0.2681789696216583,-8.989299774169922,23.600000381469727
1648226820.162314,1.0576764679,2.1008849335,2.5990174103,1.0576764679,1.0576764679,2.046581506729126,-0.25784504413604736,0.0,2.0627601146698,0.2681789696216583,-7.180755615234375,39.29999923706055
1648226820.19592,2.0892262268,1.059383316,2.5982080841,1.059383316,1.059383316,1.9911195039749146,-0.3149811625480652,0.0,2.0158796310424805,0.2681789696216583,-8.989298820495605,26.299999237060547
1648226820.262589,0.9885374451,2.0929563904,2.5969577789,0.9885374451,0.9885374451,1.9911195039749146,-0.3149811625480652,0.0,2.0158796310424805,0.2681789696216583,-8.989298820495605,31.799999237060547
1648226820.2956195,0.9929666901,2.0806439972,2.0003974915,0.9929666901,0.9929666901,0.03963707759976387,0.08497165888547897,0.0,0.09376183152198792,0.0,64.9921646118164,31.799999237060547
1648226820.362456,0.9955373383,2.0899317932,2.0889629364,0.9955373383,0.9955373383,2.0374245643615723,-0.3223063051700592,0.0,2.062760353088379,0.4022684693336487,-8.989299774169922,30.5
1648226820.3970387,2.0834701538,1.0026630402,2.5994856262,1.0026630402,1.0026630402,2.0374245643615723,-0.3223063051700592,0.0,2.062760353088379,0.4022684693336487,-8.989299774169922,30.5
1648226820.4658759,2.0962961578,1.0037252808,2.5983533478,1.0037252808,1.0037252808,2.093094825744629,-0.26370516419410706,0.0,2.1096413135528564,0.2681789696216583,-7.180755615234375,26.399999618530273
1648226820.5005994,1.00891716,2.0981819916,2.5954052734,1.00891716,1.00891716,2.1861212253570557,-0.27542537450790405,0.0,2.2034029960632324,0.4022684693336487,-7.180755615234375,28.200000762939453
1648226820.5618784,2.3980541992,1.0149196625,2.0983155823,1.0149196625,1.0149196625,2.240373134613037,-0.2109641134738922,0.0,2.25028395652771,0.5363579392433167,-5.379378795623779,42.0
1648226820.5970824,1.0156913757,2.0919538116,2.597791748,1.0156913757,1.0156913757,2.1990952491760254,-0.13771268725395203,0.0,2.2034029960632324,0.5363579392433167,-3.5833218097686768,39.0
1648226820.6668441,1.1061698914,2.088252182,1.8968582153,1.1061698914,1.1061698914,1.2076812982559204,-0.9669189453125,0.0,1.5470702648162842,0.2681789696216583,-38.68218994140625,27.399999618530273
1648226820.6959496,1.1093086243,2.0994763947,2.5948475647,1.1093086243,1.1093086243,2.058727502822876,-0.12892252206802368,0.0,2.062760353088379,0.5363579392433167,-3.5833218097686768,27.399999618530273
1648226820.7632082,1.1114785004,2.0898773193,1.5125826263,1.1114785004,1.1114785004,1.2076812982559204,-0.9669189453125,0.0,1.5470702648162842,0.2681789696216583,-38.68218994140625,36.099998474121094
1648226820.796517,1.1106419373,2.095764389,1.7836122131,1.1106419373,1.1106419373,0.8800604343414307,-0.9097827672958374,0.0,1.265784740447998,0.0,-45.95137023925781,28.799999237060547
1648226820.862922,1.1134629059,2.0939395142,1.4817063141,1.1134629059,1.1134629059,0.8800604343414307,-0.9097827672958374,0.0,1.265784740447998,0.0,-45.95137023925781,25.0
1648226820.8983006,2.0951807404,1.1140374756,1.6258234406,1.1140374756,1.1140374756,0.03963707759976387,0.08497165888547897,0.0,0.09376183152198792,0.0,64.9921646118164,26.299999237060547
1648226820.9635386,2.101975708,1.1137845612,1.7791868591,1.1137845612,1.1137845612,0.8800604343414307,-0.9097827672958374,0.0,1.265784740447998,0.0,-45.95137023925781,26.299999237060547
1648226820.9964085,1.1104538727,2.0945491028,1.8363273621,1.1104538727,1.1104538727,0.8800604343414307,-0.9097827672958374,0.0,1.265784740447998,0.0,-45.95137023925781,26.299999237060547
1648226821.0634754,2.0938448334,1.1111607361,2.3259178162,1.1111607361,1.1111607361,0.8800604343414307,-0.9097827672958374,0.0,1.265784740447998,0.0,-45.95137023925781,25.100000381469727
1648226821.0960143,2.4952420807,2.0958992767,1.1101931763,1.1101931763,1.1101931763,1.073512077331543,0.10108697414398193,0.0,1.0782610177993774,-0.13408948481082916,5.3793792724609375,25.799999237060547
1648226821.1639452,1.1075148773,2.0953791809,2.6005050659,1.1075148773,1.1075148773,1.073512077331543,0.10108697414398193,0.0,1.0782610177993774,-0.13408948481082916,5.3793792724609375,27.100000381469727
1648226821.2005155,2.1871767426,2.177702179,1.0153645325,1.0153645325,1.0153645325,0.03963707759976387,0.08497165888547897,0.0,0.09376183152198792,0.0,64.9921646118164,26.299999237060547
1648226821.2654803,1.0169935608,2.0991041565,2.5990303802,1.0169935608,1.0169935608,0.8800604343414307,-0.9097827672958374,0.0,1.265784740447998,0.0,-45.95137023925781,29.299999237060547
1648226821.2962437,1.0101856232,2.0937618256,2.6015374756,1.0101856232,1.0101856232,1.0698039531707764,0.13478262722492218,0.0,1.0782610177993774,-0.13408948481082916,7.180755615234375,29.299999237060547
1648226821.3622122,1.0056163025,1.1092736053,2.0953752899,1.0056163025,1.0056163025,1.029363751411438,0.06446126103401184,0.0,1.0313801765441895,-0.13408948481082916,3.5833218097686768,34.900001525878906
1648226821.3955362,2.0154906464,1.0024347687,2.3158401489,1.0024347687,1.0024347687,2.0119383335113525,0.12599246203899384,0.0,2.0158793926239014,-0.13408948481082916,3.5833218097686768,47.20000076293945
1648226821.4622397,0.9957720947,2.0170457458,2.0170457458,0.9957720947,0.9957720947,1.0313801765441895,-0.0,0.0,1.0313801765441895,-0.13408948481082916,-0.0,34.900001525878906
1648226821.4967113,0.9887553406,2.031603241,1.4776648712,0.9887553406,0.9887553406,0.03963707759976387,0.08497165888547897,0.0,0.09376183152198792,0.0,64.9921646118164,31.200000762939453
1648226821.5621793,0.9894803619,2.0875518036,2.0875518036,0.9894803619,0.9894803619,1.0308763980865479,-0.03223063051700592,0.0,1.0313800573349,0.0,-1.7907847166061401,24.600000381469727
1648226821.5953448,0.9860964966,2.1021871185,2.6020368195,0.9860964966,0.9860964966,1.0308763980865479,-0.03223063051700592,0.0,1.0313800573349,0.0,-1.7907847166061401,24.600000381469727
1648226821.6619434,0.9862495422,2.6763664246,2.0972520447,0.9862495422,0.9862495422,1.029363751411438,-0.06446126103401184,0.0,1.0313801765441895,0.0,-3.5833218097686768,27.100000381469727
1648226821.695375,0.9880886841,2.0941353607,2.5929111481,0.9880886841,0.9880886841,1.029363751411438,-0.06446126103401184,0.0,1.0313801765441895,0.0,-3.5833218097686768,27.600000381469727
1648226821.7622223,0.9918564606,2.5964013672,2.1572096252,0.9918564606,0.9918564606,2.1055169105529785,-0.13185258209705353,0.0,2.1096413135528564,0.2681789696216583,-3.5833218097686768,23.299999237060547
1648226821.7959468,2.0848410797,0.9909148407,2.5967800903,0.9909148407,0.9909148407,1.026837706565857,-0.09669189155101776,0.0,1.0313801765441895,0.13408948481082916,-5.3793792724609375,27.200000762939453
1648226821.8626435,2.0917203522,0.9968550873,2.5971302795,0.9968550873,0.9968550873,1.023290753364563,-0.12892252206802368,0.0,1.0313800573349,0.13408948481082916,-7.180755615234375,35.099998474121094
1648226821.8953643,1.0006397247,2.1019108582,2.5982041931,1.0006397247,1.0006397247,1.023290753364563,-0.12892252206802368,0.0,1.0313800573349,0.13408948481082916,-7.180755615234375,35.099998474121094
1648226821.9623535,1.0046033478,2.0175152588,1.1092736053,1.0046033478,1.0046033478,1.023290753364563,-0.12892252206802368,0.0,1.0313800573349,0.13408948481082916,-7.180755615234375,23.5
1648226821.9957395,2.0275215912,1.0128574371,2.2185057068,1.0128574371,1.0128574371,0.9191930890083313,-0.8702269792556763,0.0,1.265784740447998,0.0,-43.43253707885742,25.200000762939453
1648226822.0643318,2.0887359619,1.0053102112,2.5958021545,1.0053102112,1.0053102112,0.9191930890083313,-0.8702269792556763,0.0,1.265784740447998,0.0,-43.43253707885742,24.700000762939453
1648226822.0964823,1.0078432465,2.1040457153,2.5970563507,1.0078432465,1.0078432465,0.03963707759976387,0.08497165888547897,0.0,0.09376183152198792,0.0,64.9921646118164,25.200000762939453
1648226822.1628742,1.0108146667,2.1055528259,2.5949137115,1.0108146667,1.0108146667,0.9191930890083313,-0.8702269792556763,0.0,1.265784740447998,0.0,-43.43253707885742,24.299999237060547
1648226822.1953907,1.0091545105,2.0977721405,2.5983494568,1.0091545105,1.0091545105,0.9191930890083313,-0.8702269792556763,0.0,1.265784740447998,0.0,-43.43253707885742,24.299999237060547
1648226822.262149,2.2911206818,1.0080027771,2.0966009521,1.0080027771,1.0080027771,0.9191930890083313,-0.8702269792556763,0.0,1.265784740447998,0.0,-43.43253707885742,24.899999618530273
1648226822.2959056,2.3897119141,1.008024826,2.093117218,1.008024826,1.008024826,0.9191930890083313,-0.8702269792556763,0.0,1.265784740447998,0.0,-43.43253707885742,25.799999237060547
1648226822.3624094,1.0088121033,2.0946398926,2.5962418365,1.0088121033,1.0088121033,0.9191930890083313,-0.8702269792556763,0.0,1.265784740447998,0.0,-43.43253707885742,24.299999237060547
1648226822.3972998,1.0062025452,2.5926919556,1.8819803619,1.0062025452,1.0062025452,1.0761529207229614,-0.06739131361246109,0.0,1.0782610177993774,0.0,-3.583322048187256,26.100000381469727
1648226822.4626386,1.0071091461,2.1096474457,2.5936193085,1.0071091461,1.0071091461,0.9191930890083313,-0.8702269792556763,0.0,1.265784740447998,0.0,-43.43253707885742,25.200000762939453
1648226822.495463,1.0086110687,2.1020716858,1.4741629791,1.0086110687,1.0086110687,0.9191930890083313,-0.8702269792556763,0.0,1.265784740447998,0.0,-43.43253707885742,25.200000762939453
1648226822.5626853,1.0092777252,2.100218277,2.599575119,1.0092777252,1.0092777252,0.8800604343414307,-0.9097827672958374,0.0,1.265784740447998,0.0,-45.95137023925781,24.399999618530273
1648226822.5954454,1.0116149139,2.0934920502,1.7799326324,1.0116149139,1.0116149139,0.8800604343414307,-0.9097827672958374,0.0,1.265784740447998,0.0,-45.95137023925781,24.5
1648226822.6620717,2.0929135895,1.0085916138,2.0929135895,1.0085916138,1.0085916138,0.8800604343414307,-0.9097827672958374,0.0,1.265784740447998,0.0,-45.95137023925781,24.0
1648226822.6977673,2.3624892426,2.0987876892,1.0086357117,1.0086357117,1.0086357117,0.8800604343414307,-0.9097827672958374,0.0,1.265784740447998,0.0,-45.95137023925781,24.100000381469727
1648226822.7626617,2.3567565155,2.0981365967,1.0094774628,1.0094774628,1.0094774628,0.8800604343414307,-0.9097827672958374,0.0,1.265784740447998,0.0,-45.95137023925781,23.600000381469727
1648226822.795919,2.0947592163,1.0089820099,1.7793878937,1.0089820099,1.0089820099,0.8800604343414307,-0.9097827672958374,0.0,1.265784740447998,0.0,-45.95137023925781,23.600000381469727
1648226822.864267,2.2462134552,2.2462134552,1.0087459564,1.0087459564,1.0087459564,0.8800604343414307,-0.9097827672958374,0.0,1.265784740447998,0.0,-45.95137023925781,23.5
1648226822.8958209,2.083388443,1.0089612579,1.7762011719,1.0089612579,1.0089612579,0.8800604343414307,-0.9097827672958374,0.0,1.265784740447998,0.0,-45.95137023925781,23.5
1648226822.9627285,1.0110974121,2.1614624786,1.7797653198,1.0110974121,1.0110974121,0.8800604343414307,-0.9097827672958374,0.0,1.265784740447998,0.0,-45.95137023925781,23.600000381469727
1648226823.000167,1.0104294586,2.0958590698,1.1092736053,1.0104294586,1.0104294586,0.03963707759976387,0.08497165888547897,0.0,0.09376183152198792,0.0,64.9921646118164,25.200000762939453
1648226823.0634284,1.0083270264,1.1092736053,2.0209380341,1.0083270264,1.0083270264,1.0308763980865479,0.03223063051700592,0.0,1.0313800573349,0.0,1.7907847166061401,43.70000076293945
1648226823.0958803,2.0297031403,2.3176702118,2.1297664642,2.0297031403,1.0083270264,1.0308763980865479,0.03223063051700592,0.0,1.0313800573349,0.0,1.7907847166061401,43.70000076293945
1648226823.1631827,1.0058601379,2.1268041229,1.1092736053,1.0058601379,1.0058601379,1.0308763980865479,0.03223063051700592,0.0,1.0313800573349,0.0,1.7907847166061401,29.399999618530273
1648226823.1961713,2.0967410278,0.9992195129,1.4793159485,0.9992195129,0.9992195129,0.8800604343414307,-0.9097827672958374,0.0,1.265784740447998,0.0,-45.95137023925781,24.200000762939453
1648226823.2635064,1.0042972565,2.091337738,1.4769463348,1.0042972565,1.0042972565,0.8800604343414307,-0.9097827672958374,0.0,1.265784740447998,0.0,-45.95137023925781,23.899999618530273
1648226823.2970436,1.0048212433,2.0996216583,1.4826725769,1.0048212433,1.0048212433,0.03963707759976387,0.08497165888547897,0.0,0.09376183152198792,0.0,64.9921646118164,23.899999618530273
1648226823.3632553,1.0008965302,2.0995879364,2.5989356995,1.0008965302,1.0008965302,0.03963707759976387,0.08497165888547897,0.0,0.09376183152198792,0.0,64.9921646118164,24.100000381469727
1648226823.3958807,1.0038964844,2.1000794983,2.5949344635,1.0038964844,1.0038964844,0.9191930890083313,-0.8702269792556763,0.0,1.265784740447998,0.0,-43.43253707885742,24.100000381469727
1648226823.4627478,1.0056707764,2.0928733826,2.6769954681,1.0056707764,1.0056707764,1.0308763980865479,-0.03223063051700592,0.0,1.0313800573349,0.0,-1.7907847166061401,25.299999237060547
1648226823.4957774,1.0065203094,2.0279885101,1.1092736053,1.0065203094,1.0065203094,1.0308763980865479,-0.03223063051700592,0.0,1.0313800573349,0.0,-1.7907847166061401,26.5
1648226823.5625412,1.0067861938,2.036002655,1.1092736053,1.0067861938,1.0067861938,1.0698039531707764,-0.13478262722492218,0.0,1.0782610177993774,0.13408948481082916,-7.180755615234375,42.70000076293945
1648226823.5975823,2.1331321716,1.0114463043,2.5971912384,1.0114463043,1.0114463043,0.03963707759976387,0.08497165888547897,0.0,0.09376183152198792,0.0,64.9921646118164,25.899999618530273
1648226823.66649,2.086034317,1.0048134613,2.5965790558,1.0048134613,1.0048134613,0.9191930890083313,-0.8702269792556763,0.0,1.265784740447998,0.0,-43.43253707885742,23.799999237060547
1648226823.6966279,1.0047226715,2.0894908142,2.5953378296,1.0047226715,1.0047226715,0.9191930890083313,-0.8702269792556763,0.0,1.265784740447998,0.0,-43.43253707885742,23.799999237060547
1648226823.762708,1.0036876678,2.0997954559,2.5979305267,1.0036876678,1.0036876678,0.9191930890083313,-0.8702269792556763,0.0,1.265784740447998,0.0,-43.43253707885742,24.200000762939453
1648226823.796252,2.1007150269,1.0048990631,2.5971588135,1.0048990631,1.0048990631,0.9191930890083313,-0.8702269792556763,0.0,1.265784740447998,0.0,-43.43253707885742,24.799999237060547
1648226823.863861,2.0940549469,1.0031338501,2.5972106934,1.0031338501,1.0031338501,0.9191930890083313,-0.8702269792556763,0.0,1.265784740447998,0.0,-43.43253707885742,25.399999618530273
1648226823.8964443,1.0005982208,2.0941444397,2.5975543976,1.0005982208,1.0005982208,0.03963707759976387,0.08497165888547897,0.0,0.09376183152198792,0.0,64.9921646118164,25.0
1648226823.9629362,1.0010742188,2.0958486938,2.3351174164,1.0010742188,1.0010742188,0.9191930890083313,-0.8702269792556763,0.0,1.265784740447998,0.0,-43.43253707885742,24.700000762939453
1648226823.9955947,1.0007032776,2.0945257568,2.286136322,1.0007032776,1.0007032776,0.9191930890083313,-0.8702269792556763,0.0,1.265784740447998,0.0,-43.43253707885742,24.700000762939453
1648226824.0631216,2.382649765,0.9996747589,2.0927994537,0.9996747589,0.9996747589,2.2926738262176514,-0.14357280731201172,0.0,2.2971649169921875,0.13408948481082916,-3.5833218097686768,24.5
1648226824.0960803,2.3929284668,0.9995619202,2.0879396057,0.9995619202,0.9995619202,2.339463233947754,-0.14650286734104156,0.0,2.344045877456665,0.13408948481082916,-3.5833218097686768,27.0
1648226824.1631594,2.3967040253,1.0011844635,2.0872612762,1.0011844635,1.0011844635,0.8800604343414307,-0.9097827672958374,0.0,1.265784740447998,0.0,-45.95137023925781,23.0
1648226824.1963973,1.0035839081,2.093122406,2.5936711884,1.0035839081,1.0035839081,0.03963707759976387,0.08497165888547897,0.0,0.09376183152198792,0.0,64.9921646118164,24.700000762939453
1648226824.2673018,2.0936840057,1.0042181396,2.5983105469,1.0042181396,1.0042181396,0.9191930890083313,-0.8702269792556763,0.0,1.265784740447998,0.0,-43.43253707885742,25.100000381469727
1648226824.2956524,1.0037356567,2.0927397919,2.5993805695,1.0037356567,1.0037356567,0.9191930890083313,-0.8702269792556763,0.0,1.265784740447998,0.0,-43.43253707885742,25.100000381469727
1648226824.3626447,2.1066461945,1.0036772919,2.5984609985,1.0036772919,1.0036772919,0.8800604343414307,-0.9097827672958374,0.0,1.265784740447998,0.0,-45.95137023925781,24.700000762939453
1648226824.3966591,2.2178896332,1.0075267792,2.597378006,1.0075267792,1.0075267792,0.8800604343414307,-0.9097827672958374,0.0,1.265784740447998,0.0,-45.95137023925781,25.200000762939453
1648226824.4640906,2.1093387604,1.0066902161,1.7751739502,1.0066902161,1.0066902161,0.8800604343414307,-0.9097827672958374,0.0,1.265784740447998,0.0,-45.95137023925781,25.799999237060547
1648226824.4964418,2.1083919525,1.0081376648,2.5996555328,1.0081376648,1.0081376648,0.03963707759976387,0.08497165888547897,0.0,0.09376183152198792,0.0,64.9921646118164,25.399999618530273
1648226824.5675712,1.0088095093,2.0876750183,1.7782089233,1.0088095093,1.0088095093,0.03963707759976387,0.08497165888547897,0.0,0.09376183152198792,0.0,64.9921646118164,24.399999618530273
1648226824.5976825,1.0094969177,1.870009079,1.1092736053,1.0094969177,1.0094969177,0.8800604343414307,-0.9097827672958374,0.0,1.265784740447998,0.0,-45.95137023925781,24.399999618530273
1648226824.6635923,1.0103775787,2.0903273773,1.8721841431,1.0103775787,1.0103775787,0.8800604343414307,-0.9097827672958374,0.0,1.265784740447998,0.0,-45.95137023925781,24.399999618530273
1648226824.6961465,1.0150765991,2.0976683807,1.7793840027,1.0150765991,1.0150765991,1.0782610177993774,-0.0,0.0,1.0782610177993774,0.0,-0.0,23.0
1648226824.761809,1.0115643311,2.0964388275,1.1092736053,1.0115643311,1.0115643311,0.9191930890083313,-0.8702269792556763,0.0,1.265784740447998,0.0,-43.43253707885742,24.200000762939453
1648226824.7961447,1.0107848358,2.0232817078,1.1092736053,1.0107848358,1.0107848358,0.03963707759976387,0.08497165888547897,0.0,0.09376183152198792,0.0,64.9921646118164,24.700000762939453
1648226824.874526,1.0100351715,1.1092736053,2.0202960205,1.0100351715,1.0100351715,0.03963707759976387,0.08497165888547897,0.0,0.09376183152198792,0.0,64.9921646118164,30.0
1648226824.8985379,1.0095319366,2.0210495758,1.1092736053,1.0095319366,1.0095319366,0.8800604343414307,-0.9097827672958374,0.0,1.265784740447998,0.0,-45.95137023925781,30.0
1648226824.9674838,1.0099482727,2.1651757813,1.1092736053,1.0099482727,1.0099482727,0.8800604343414307,-0.9097827672958374,0.0,1.265784740447998,0.0,-45.95137023925781,24.100000381469727
1648226824.9952712,2.0940873718,2.5998734283,1.7808924103,1.7808924103,1.0099482727,1.0782610177993774,-0.0,0.0,1.0782610177993774,0.0,-0.0,29.399999618530273
1648226825.0620425,1.0073763275,2.0393515015,2.5992703247,1.0073763275,1.0073763275,1.0313801765441895,-0.0,0.0,1.0313801765441895,0.0,-0.0,23.100000381469727
1648226825.0959249,1.0063335419,2.1010392761,2.5973209381,1.0063335419,1.0063335419,0.03963707759976387,0.08497165888547897,0.0,0.09376183152198792,0.0,64.9921646118164,24.299999237060547
1648226825.164724,1.0002220917,2.100219574,2.5958125305,1.0002220917,1.0002220917,0.9191930890083313,-0.8702269792556763,0.0,1.265784740447998,0.0,-43.43253707885742,23.5
1648226825.1968396,1.0041014099,2.094018631,2.6749189758,1.0041014099,1.0041014099,0.9191930890083313,-0.8702269792556763,0.0,1.265784740447998,0.0,-43.43253707885742,23.5
1648226825.2647362,1.0016163635,2.6773988342,2.0844390106,1.0016163635,1.0016163635,0.9191930890083313,-0.8702269792556763,0.0,1.265784740447998,0.0,-43.43253707885742,25.799999237060547
1648226825.2957864,2.101552887,1.0000534821,2.6773132324,1.0000534821,1.0000534821,0.9191930890083313,-0.8702269792556763,0.0,1.265784740447998,0.0,-43.43253707885742,25.100000381469727
1648226825.3623474,1.0007577515,2.5931056976,2.1016436768,1.0007577515,1.0007577515,0.9191930890083313,-0.8702269792556763,0.0,1.265784740447998,0.0,-43.43253707885742,23.299999237060547
1648226825.397086,0.9994218445,2.1119911194,2.5936322784,0.9994218445,0.9994218445,0.03963707759976387,0.08497165888547897,0.0,0.09376183152198792,0.0,64.9921646118164,23.0
1648226825.4674566,2.1115877533,0.999620285,2.5943585968,0.999620285,0.999620285,0.03963707759976387,0.08497165888547897,0.0,0.09376183152198792,0.0,64.9921646118164,23.0
1648226825.4966207,1.0003440094,2.2116822052,2.5932016754,1.0003440094,1.0003440094,0.9191930890083313,-0.8702269792556763,0.0,1.265784740447998,0.0,-43.43253707885742,23.0
1648226825.5621994,2.1074853516,1.000949707,2.5926426697,1.000949707,1.000949707,0.9191930890083313,-0.8702269792556763,0.0,1.265784740447998,0.0,-43.43253707885742,23.299999237060547
1648226825.5952797,2.1194501495,1.0013206482,2.6763716125,1.0013206482,1.0013206482,0.9191930890083313,-0.8702269792556763,0.0,1.265784740447998,0.0,-43.43253707885742,23.200000762939453
1648226825.6619675,2.1228171539,1.0026150513,2.5934299469,1.0026150513,1.0026150513,0.9191930890083313,-0.8702269792556763,0.0,1.265784740447998,0.0,-43.43253707885742,23.799999237060547
1648226825.6971755,2.1152336121,1.0038147736,2.6769721222,1.0038147736,1.0038147736,0.9191930890083313,-0.8702269792556763,0.0,1.265784740447998,0.0,-43.43253707885742,23.799999237060547
1648226825.7652504,2.1160844421,1.002280426,2.5937256622,1.002280426,1.002280426,0.03963707759976387,0.08497165888547897,0.0,0.09376183152198792,0.0,64.9921646118164,25.299999237060547
1648226825.7958057,2.1090067291,1.0032907867,2.5937879181,1.0032907867,1.0032907867,0.8800604343414307,-0.9097827672958374,0.0,1.265784740447998,0.0,-45.95137023925781,25.299999237060547
1648226825.8618248,2.1032714081,1.0068964386,2.5968618011,1.0068964386,1.0068964386,0.9191930890083313,-0.8702269792556763,0.0,1.265784740447998,0.0,-43.43253707885742,25.299999237060547
1648226825.8953257,1.0042012787,2.5972612762,1.8724967194,1.0042012787,1.0042012787,0.9191930890083313,-0.8702269792556763,0.0,1.265784740447998,0.0,-43.43253707885742,25.600000381469727
1648226825.9628825,2.1027085114,1.0044178772,2.5984259796,1.0044178772,1.0044178772,0.8800604343414307,-0.9097827672958374,0.0,1.265784740447998,0.0,-45.95137023925781,24.600000381469727
1648226825.9959197,1.0078393555,2.0960925293,2.6020705414,1.0078393555,1.0078393555,0.8800604343414307,-0.9097827672958374,0.0,1.265784740447998,0.0,-45.95137023925781,25.0
1648226826.0635073,1.008910675,2.0991741943,2.6007242584,1.008910675,1.008910675,0.8800604343414307,-0.9097827672958374,0.0,1.265784740447998,0.0,-45.95137023925781,24.299999237060547
1648226826.0967307,1.0088756561,2.0964816284,2.5992275238,1.0088756561,1.0088756561,0.8800604343414307,-0.9097827672958374,0.0,1.265784740447998,0.0,-45.95137023925781,24.299999237060547
1648226826.1623561,1.0085916138,2.0941522217,2.5986062622,1.0085916138,1.0085916138,0.8800604343414307,-0.9097827672958374,0.0,1.265784740447998,0.0,-45.95137023925781,24.799999237060547
1648226826.1957362,1.0081623077,2.0994374847,2.5993909454,1.0081623077,1.0081623077,0.8800604343414307,-0.9097827672958374,0.0,1.265784740447998,0.0,-45.95137023925781,25.899999618530273
1648226826.262097,1.0074528503,2.1023142242,2.6010199738,1.0074528503,1.0074528503,0.8800604343414307,-0.9097827672958374,0.0,1.265784740447998,0.0,-45.95137023925781,25.100000381469727
1648226826.2967463,1.0067524719,2.0840291595,2.599588089,1.0067524719,1.0067524719,0.03963707759976387,0.08497165888547897,0.0,0.09376183152198792,0.0,64.9921646118164,24.899999618530273
1648226826.3633332,1.0070222473,2.098887558,2.5976140594,1.0070222473,1.0070222473,0.8800604343414307,-0.9097827672958374,0.0,1.265784740447998,0.0,-45.95137023925781,24.100000381469727
1648226826.3954227,1.0078043365,2.1674481201,2.5992275238,1.0078043365,1.0078043365,0.8800604343414307,-0.9097827672958374,0.0,1.265784740447998,0.0,-45.95137023925781,24.100000381469727
1648226826.4624908,1.0077291107,2.0973596954,2.6010316467,1.0077291107,1.0077291107,0.8800604343414307,-0.9097827672958374,0.0,1.265784740447998,0.0,-45.95137023925781,25.100000381469727
1648226826.4954352,2.0981430817,1.0044126892,2.5976555634,1.0044126892,1.0044126892,0.9191930890083313,-0.8702269792556763,0.0,1.265784740447998,0.0,-43.43253707885742,23.899999618530273
1648226826.5624976,1.0013699341,2.090490799,2.5970576477,1.0013699341,1.0013699341,0.9191930890083313,-0.8702269792556763,0.0,1.265784740447998,0.0,-43.43253707885742,23.799999237060547
1648226826.5962157,2.1021404266,1.002720108,2.5957022858,1.002720108,1.002720108,0.03963707759976387,0.08497165888547897,0.0,0.09376183152198792,0.0,64.9921646118164,23.600000381469727
1648226826.6622612,2.1013829803,1.0035579681,2.5960848999,1.0035579681,1.0035579681,0.9191930890083313,-0.8702269792556763,0.0,1.265784740447998,0.0,-43.43253707885742,24.600000381469727
1648226826.6955502,1.00318573,2.5962223816,2.1223035431,1.00318573,1.00318573,0.9191930890083313,-0.8702269792556763,0.0,1.265784740447998,0.0,-43.43253707885742,24.600000381469727
1648226826.764728,1.0028096008,2.1064529419,2.5962029266,1.0028096008,1.0028096008,0.9191930890083313,-0.8702269792556763,0.0,1.265784740447998,0.0,-43.43253707885742,25.100000381469727
1648226826.8036196,1.0027966309,2.1088977814,2.5961484528,1.0027966309,1.0027966309,0.9191930890083313,-0.8702269792556763,0.0,1.265784740447998,0.0,-43.43253707885742,24.5
1648226826.8648922,1.0032038879,2.123660202,2.5962911224,1.0032038879,1.0032038879,0.9191930890083313,-0.8702269792556763,0.0,1.265784740447998,0.0,-43.43253707885742,24.700000762939453
1648226826.8951519,1.0042077637,2.1164346313,2.5957826996,1.0042077637,1.0042077637,0.9191930890083313,-0.8702269792556763,0.0,1.265784740447998,0.0,-43.43253707885742,24.700000762939453
1648226826.9618497,2.1049860382,1.0050521088,2.5958773804,1.0050521088,1.0050521088,0.8800604343414307,-0.9097827672958374,0.0,1.265784740447998,0.0,-45.95137023925781,24.5
1648226826.9962943,1.0043335724,2.1061896515,2.5956996918,1.0043335724,1.0043335724,0.8800604343414307,-0.9097827672958374,0.0,1.265784740447998,0.0,-45.95137023925781,24.5
1648226827.0629075,2.1020911407,1.0025190735,2.5972872162,1.0025190735,1.0025190735,0.9191930890083313,-0.8702269792556763,0.0,1.265784740447998,0.0,-43.43253707885742,24.299999237060547
1648226827.0980585,2.1038745117,1.0026176453,2.5979590607,1.0026176453,1.0026176453,0.8800604343414307,-0.9097827672958374,0.0,1.265784740447998,0.0,-45.95137023925781,24.200000762939453
1648226827.162291,2.0939317322,1.0047382355,2.6002313995,1.0047382355,1.0047382355,0.9191930890083313,-0.8702269792556763,0.0,1.265784740447998,0.0,-43.43253707885742,23.399999618530273
1648226827.198252,2.0962611389,1.0054814148,2.5974337769,1.0054814148,1.0054814148,0.03963707759976387,0.08497165888547897,0.0,0.09376183152198792,0.0,64.9921646118164,23.200000762939453
1648226827.2720404,1.0057291412,2.5962859344,2.0861912537,1.0057291412,1.0057291412,0.03963707759976387,0.08497165888547897,0.0,0.09376183152198792,0.0,64.9921646118164,23.399999618530273
1648226827.2953541,1.0061999512,2.0952313232,2.597370224,1.0061999512,1.0061999512,1.0313801765441895,-0.0,0.0,1.0313801765441895,0.0,-0.0,23.399999618530273
1648226827.3620887,1.0066136932,2.0957449341,2.5975232697,1.0066136932,1.0066136932,0.8800604343414307,-0.9097827672958374,0.0,1.265784740447998,0.0,-45.95137023925781,23.0
1648226827.3956869,1.0065008545,2.095328598,2.5973455811,1.0065008545,1.0065008545,1.0308763980865479,-0.03223063051700592,0.0,1.0313800573349,0.0,-1.7907847166061401,23.899999618530273
1648226827.4621778,1.0061727142,2.0937164307,2.5965440369,1.0061727142,1.0061727142,1.0313801765441895,-0.0,0.0,1.0313801765441895,0.0,-0.0,23.700000762939453
1648226827.4961987,1.0056811523,2.5954688263,2.0895128632,1.0056811523,1.0056811523,0.03963707759976387,0.08497165888547897,0.0,0.09376183152198792,0.0,64.9921646118164,23.600000381469727
1648226827.5643308,2.097092514,1.0052920532,2.5978527069,1.0052920532,1.0052920532,0.9191930890083313,-0.8702269792556763,0.0,1.265784740447998,0.0,-43.43253707885742,23.399999618530273
1648226827.5976274,2.093141861,1.0048186493,2.6003701782,1.0048186493,1.0048186493,0.9191930890083313,-0.8702269792556763,0.0,1.265784740447998,0.0,-43.43253707885742,23.399999618530273
1648226827.664971,1.0034165955,2.1069496918,2.5980174255,1.0034165955,1.0034165955,1.0313801765441895,-0.0,0.0,1.0313801765441895,0.0,-0.0,23.299999237060547
1648226827.6977155,2.1023855591,1.0024243927,2.5974752808,1.0024243927,1.0024243927,1.0308763980865479,-0.03223063051700592,0.0,1.0313800573349,0.0,-1.7907847166061401,23.799999237060547
1648226827.7618444,1.0025657654,2.596043396,1.7825538635,1.0025657654,1.0025657654,0.9191930890083313,-0.8702269792556763,0.0,1.265784740447998,0.0,-43.43253707885742,24.100000381469727
1648226827.7997131,2.1041702271,1.0034321594,2.5956893158,1.0034321594,1.0034321594,0.9191930890083313,-0.8702269792556763,0.0,1.265784740447998,0.0,-43.43253707885742,24.100000381469727
1648226827.8696415,2.1031430054,1.0040625,2.5964273071,1.0040625,1.0040625,0.03963707759976387,0.08497165888547897,0.0,0.09376183152198792,0.0,64.9921646118164,23.799999237060547
1648226827.8989198,2.1027642822,1.0041493988,2.5972093964,1.0041493988,1.0041493988,0.8800604343414307,-0.9097827672958374,0.0,1.265784740447998,0.0,-45.95137023925781,23.799999237060547
1648226827.9618046,2.1023920441,1.0037810516,2.5973455811,1.0037810516,1.0037810516,0.9191930890083313,-0.8702269792556763,0.0,1.265784740447998,0.0,-43.43253707885742,23.200000762939453
1648226827.9950488,2.1022221375,1.003192215,2.5966490936,1.003192215,1.003192215,0.8800604343414307,-0.9097827672958374,0.0,1.265784740447998,0.0,-45.95137023925781,23.799999237060547
1648226828.062285,1.0021468353,2.1051831818,2.5961393738,1.0021468353,1.0021468353,0.9191930890083313,-0.8702269792556763,0.0,1.265784740447998,0.0,-43.43253707885742,24.5
1648226828.0959384,1.0011481476,2.0904155731,2.5973248291,1.0011481476,1.0011481476,0.03963707759976387,0.08497165888547897,0.0,0.09376183152198792,0.0,64.9921646118164,23.700000762939453
1648226828.162285,2.0992597961,1.0017590332,2.597366333,1.0017590332,1.0017590332,0.8800604343414307,-0.9097827672958374,0.0,1.265784740447998,0.0,-45.95137023925781,23.5
1648226828.1960142,1.0039405823,2.1026268005,2.5982910919,1.0039405823,1.0039405823,0.8800604343414307,-0.9097827672958374,0.0,1.265784740447998,0.0,-45.95137023925781,23.5
1648226828.2623026,1.0054567719,2.092259903,2.6006334686,1.0054567719,1.0054567719,0.9191930890083313,-0.8702269792556763,0.0,1.265784740447998,0.0,-43.43253707885742,23.399999618530273
1648226828.2955801,2.0959667206,1.0055864716,2.5996231079,1.0055864716,1.0055864716,0.8800604343414307,-0.9097827672958374,0.0,1.265784740447998,0.0,-45.95137023925781,27.0
1648226828.3624432,2.0972792816,1.0053633881,2.5974791718,1.0053633881,1.0053633881,0.9191930890083313,-0.8702269792556763,0.0,1.265784740447998,0.0,-43.43253707885742,25.0
1648226828.399963,2.0992559052,1.0048744202,2.5958112335,1.0048744202,1.0048744202,0.8800604343414307,-0.9097827672958374,0.0,1.265784740447998,0.0,-45.95137023925781,25.399999618530273
1648226828.4653444,2.1006190491,1.004508667,2.5958618164,1.004508667,1.004508667,0.9191930890083313,-0.8702269792556763,0.0,1.265784740447998,0.0,-43.43253707885742,24.399999618530273
1648226828.4962232,2.1008135986,1.0041558838,2.5969487,1.0041558838,1.0041558838,0.9191930890083313,-0.8702269792556763,0.0,1.265784740447998,0.0,-43.43253707885742,24.399999618530273
1648226828.562459,2.099765625,1.0043244934,2.5984713745,1.0043244934,1.0043244934,0.9191930890083313,-0.8702269792556763,0.0,1.265784740447998,0.0,-43.43253707885742,24.600000381469727
1648226828.5964715,2.0970523071,1.0054528809,2.5999836731,1.0054528809,1.0054528809,0.8800604343414307,-0.9097827672958374,0.0,1.265784740447998,0.0,-45.95137023925781,24.899999618530273
1648226828.6622508,1.0043374634,2.5993338776,1.8709779358,1.0043374634,1.0043374634,0.9191930890083313,-0.8702269792556763,0.0,1.265784740447998,0.0,-43.43253707885742,25.200000762939453
1648226828.6960151,2.1055541229,1.0028407288,2.5976659393,1.0028407288,1.0028407288,0.03963707759976387,0.08497165888547897,0.0,0.09376183152198792,0.0,64.9921646118164,24.5
1648226828.7623434,2.1027396393,1.0018796539,2.5976062775,1.0018796539,1.0018796539,0.8800604343414307,-0.9097827672958374,0.0,1.265784740447998,0.0,-45.95137023925781,24.600000381469727
1648226828.7958534,2.1000626373,1.0016448975,2.5975064087,1.0016448975,1.0016448975,0.8800604343414307,-0.9097827672958374,0.0,1.265784740447998,0.0,-45.95137023925781,24.600000381469727
1648226828.862217,1.0013063812,2.5968306732,1.8815536499,1.0013063812,1.0013063812,0.9191930890083313,-0.8702269792556763,0.0,1.265784740447998,0.0,-43.43253707885742,23.600000381469727
1648226828.8958604,1.0009250641,2.5966049957,1.8749545288,1.0009250641,1.0009250641,0.9191930890083313,-0.8702269792556763,0.0,1.265784740447998,0.0,-43.43253707885742,24.0
1648226828.9629457,1.000966568,2.5964389801,1.8759947205,1.000966568,1.000966568,0.9191930890083313,-0.8702269792556763,0.0,1.265784740447998,0.0,-43.43253707885742,23.399999618530273
1648226829.0053566,1.0015644836,2.5965570068,1.8742217255,1.0015644836,1.0015644836,0.03963707759976387,0.08497165888547897,0.0,0.09376183152198792,0.0,64.9921646118164,23.600000381469727
1648226829.0693142,1.0016046906,2.0907748413,2.5968955231,1.0016046906,1.0016046906,0.9191930890083313,-0.8702269792556763,0.0,1.265784740447998,0.0,-43.43253707885742,24.100000381469727
1648226829.095304,2.0972364807,1.0022350311,2.5973079681,1.0022350311,1.0022350311,0.9191930890083313,-0.8702269792556763,0.0,1.265784740447998,0.0,-43.43253707885742,24.100000381469727
1648226829.1616764,2.0995075226,1.0024464417,2.5974843597,1.0024464417,1.0024464417,0.8800604343414307,-0.9097827672958374,0.0,1.265784740447998,0.0,-45.95137023925781,25.0
1648226829.1950634,2.1025788116,1.003155899,2.5979434967,1.003155899,1.003155899,0.8800604343414307,-0.9097827672958374,0.0,1.265784740447998,0.0,-45.95137023925781,24.5
1648226829.2641716,1.0039781952,2.599152298,2.119666748,1.0039781952,1.0039781952,0.1976812481880188,0.772070050239563,0.0,0.7969755530357361,-0.6704474091529846,75.63848114013672,24.200000762939453
1648226829.2978785,1.0045683289,2.0905310059,2.6002793884,1.0045683289,1.0045683289,0.1976812481880188,0.772070050239563,0.0,0.7969755530357361,-0.6704474091529846,75.63848114013672,24.200000762939453
1648226829.3652081,2.0956243134,1.0050196838,2.6001535797,1.0050196838,1.0050196838,0.8800604343414307,-0.9097827672958374,0.0,1.265784740447998,0.0,-45.95137023925781,24.5
1648226829.3968966,2.097552948,1.0051260376,2.5999266052,1.0051260376,1.0051260376,0.8800604343414307,-0.9097827672958374,0.0,1.265784740447998,0.0,-45.95137023925781,24.5
1648226829.462583,2.0983194733,1.0052453613,2.5995323181,1.0052453613,1.0052453613,0.9191930890083313,-0.8702269792556763,0.0,1.265784740447998,0.0,-43.43253707885742,25.100000381469727
1648226829.4962082,2.0977410126,1.0052453613,2.5998241425,1.0052453613,1.0052453613,0.9191930890083313,-0.8702269792556763,0.0,1.265784740447998,0.0,-43.43253707885742,24.100000381469727
1648226829.5626695,2.094912262,1.0050261688,2.5996931458,1.0050261688,1.0050261688,0.9191930890083313,-0.8702269792556763,0.0,1.265784740447998,0.0,-43.43253707885742,24.399999618530273
1648226829.5979137,1.0043141174,2.5992482758,1.8734915161,1.0043141174,1.0043141174,0.03963707759976387,0.08497165888547897,0.0,0.09376183152198792,0.0,64.9921646118164,24.700000762939453
1648226829.6647234,1.0032012939,2.1083271027,2.5982003021,1.0032012939,1.0032012939,0.8800604343414307,-0.9097827672958374,0.0,1.265784740447998,0.0,-45.95137023925781,24.0
1648226829.6955988,2.1034296417,1.0025203705,1.781468277,1.0025203705,1.0025203705,0.8800604343414307,-0.9097827672958374,0.0,1.265784740447998,0.0,-45.95137023925781,24.0
1648226829.7626164,2.1009796143,1.0019678497,1.7799533844,1.0019678497,1.0019678497,0.8800604343414307,-0.9097827672958374,0.0,1.265784740447998,0.0,-45.95137023925781,24.0
1648226829.7960203,2.0994984436,1.0015502167,2.59736763,1.0015502167,1.0015502167,0.9191930890083313,-0.8702269792556763,0.0,1.265784740447998,0.0,-43.43253707885742,24.899999618530273
1648226829.8671124,2.0975788879,1.0014672089,2.5971043396,1.0014672089,1.0014672089,0.8800604343414307,-0.9097827672958374,0.0,1.265784740447998,0.0,-45.95137023925781,25.100000381469727
1648226829.9019535,2.095763092,1.0015268707,2.5969512939,1.0015268707,1.0015268707,0.03963707759976387,0.08497165888547897,0.0,0.09376183152198792,0.0,64.9921646118164,24.5
1648226829.9616854,2.0959745026,1.0014749908,2.5965712738,1.0014749908,1.0014749908,0.9191930890083313,-0.8702269792556763,0.0,1.265784740447998,0.0,-43.43253707885742,24.700000762939453
1648226829.995223,2.0972403717,1.0015826416,2.5968514252,1.0015826416,1.0015826416,0.9191930890083313,-0.8702269792556763,0.0,1.265784740447998,0.0,-43.43253707885742,24.700000762939453
1648226830.062766,2.0987993622,1.0021611023,2.5972703552,1.0021611023,1.0021611023,0.9191930890083313,-0.8702269792556763,0.0,1.265784740447998,0.0,-43.43253707885742,24.700000762939453
1648226830.0986876,2.1005347443,1.0023725128,1.7794397736,1.0023725128,1.0023725128,0.8800604343414307,-0.9097827672958374,0.0,1.265784740447998,0.0,-45.95137023925781,25.600000381469727
1648226830.1666613,2.1031157684,1.0028939056,1.7806343079,1.0028939056,1.0028939056,0.9191930890083313,-0.8702269792556763,0.0,1.265784740447998,0.0,-43.43253707885742,24.200000762939453
1648226830.1971378,1.0033556366,2.1089120483,2.5984130096,1.0033556366,1.0033556366,0.03963707759976387,0.08497165888547897,0.0,0.09376183152198792,0.0,64.9921646118164,24.100000381469727
1648226830.2622507,1.0038783264,2.5993559265,1.783688736,1.0038783264,1.0038783264,0.8800604343414307,-0.9097827672958374,0.0,1.265784740447998,0.0,-45.95137023925781,24.100000381469727
1648226830.295359,1.0043685913,2.1673547363,2.5998851013,1.0043685913,1.0043685913,0.8800604343414307,-0.9097827672958374,0.0,1.265784740447998,0.0,-45.95137023925781,24.100000381469727
1648226830.3631275,1.0045683289,2.0900874329,2.6000485229,1.0045683289,1.0045683289,0.9191930890083313,-0.8702269792556763,0.0,1.265784740447998,0.0,-43.43253707885742,24.200000762939453
1648226830.3970716,1.0046759796,2.0910744476,2.6001146698,1.0046759796,1.0046759796,0.9191930890083313,-0.8702269792556763,0.0,1.265784740447998,0.0,-43.43253707885742,23.899999618530273
1648226830.4671173,1.0045320129,2.0881406403,2.5998863983,1.0045320129,1.0045320129,0.9191930890083313,-0.8702269792556763,0.0,1.265784740447998,0.0,-43.43253707885742,24.0
1648226830.496229,1.0042985535,2.5994506073,1.7843138885,1.0042985535,1.0042985535,0.9191930890083313,-0.8702269792556763,0.0,1.265784740447998,0.0,-43.43253707885742,24.0
1648226830.5617907,1.0039250183,2.1165448761,2.5988280487,1.0039250183,1.0039250183,0.9191930890083313,-0.8702269792556763,0.0,1.265784740447998,0.0,-43.43253707885742,23.600000381469727
1648226830.5955217,2.1059951019,1.0034970093,1.7823735809,1.0034970093,1.0034970093,0.9191930890083313,-0.8702269792556763,0.0,1.265784740447998,0.0,-43.43253707885742,23.600000381469727
1648226830.6623018,2.1027033234,1.0029237366,1.7804086304,1.0029237366,1.0029237366,0.8800604343414307,-0.9097827672958374,0.0,1.265784740447998,0.0,-45.95137023925781,23.899999618530273
1648226830.695873,2.1009121704,1.0025125885,1.7794942474,1.0025125885,1.0025125885,0.9191930890083313,-0.8702269792556763,0.0,1.265784740447998,0.0,-43.43253707885742,23.200000762939453
1648226830.7659564,2.0998136139,1.0020417786,1.7791194153,1.0020417786,1.0020417786,0.9191930890083313,-0.8702269792556763,0.0,1.265784740447998,0.0,-43.43253707885742,23.299999237060547
1648226830.79858,2.0990509796,1.0019159698,1.7790818024,1.0019159698,1.0019159698,0.9191930890083313,-0.8702269792556763,0.0,1.265784740447998,0.0,-43.43253707885742,23.299999237060547
1648226830.8622088,2.0988110352,1.001827774,1.7791207123,1.001827774,1.001827774,0.9191930890083313,-0.8702269792556763,0.0,1.265784740447998,0.0,-43.43253707885742,23.600000381469727
1648226830.8951678,2.0991521454,1.001842041,1.7786006165,1.001842041,1.001842041,0.9191930890083313,-0.8702269792556763,0.0,1.265784740447998,0.0,-43.43253707885742,23.600000381469727
1648226830.9634726,2.1000743103,1.0019276428,1.7785189056,1.0019276428,1.0019276428,0.9191930890083313,-0.8702269792556763,0.0,1.265784740447998,0.0,-43.43253707885742,23.600000381469727
1648226831.0026839,2.1012091827,1.0022103882,1.7785422516,1.0022103882,1.0022103882,0.9191930890083313,-0.8702269792556763,0.0,1.265784740447998,0.0,-43.43253707885742,23.700000762939453
1648226831.0652864,2.1026242065,1.0025268555,1.7795941162,1.0025268555,1.0025268555,0.8800604343414307,-0.9097827672958374,0.0,1.265784740447998,0.0,-45.95137023925781,23.899999618530273
1648226831.096144,2.1050327301,1.0030339813,1.7807056427,1.0030339813,1.0030339813,0.03963707759976387,0.08497165888547897,0.0,0.09376183152198792,0.0,64.9921646118164,23.600000381469727
1648226831.161832,1.0035177612,2.1095787048,2.5986192322,1.0035177612,1.0035177612,0.8800604343414307,-0.9097827672958374,0.0,1.265784740447998,0.0,-45.95137023925781,23.700000762939453
1648226831.1962047,1.0038056946,2.5989201355,1.7835421753,1.0038056946,1.0038056946,0.8800604343414307,-0.9097827672958374,0.0,1.265784740447998,0.0,-45.95137023925781,23.700000762939453
1648226831.2634163,1.004072876,2.5991834259,1.7837587738,1.004072876,1.004072876,0.9191930890083313,-0.8702269792556763,0.0,1.265784740447998,0.0,-43.43253707885742,23.5
1648226831.2995765,1.0040988159,2.5992508698,1.7836225891,1.0040988159,1.0040988159,0.9191930890083313,-0.8702269792556763,0.0,1.265784740447998,0.0,-43.43253707885742,23.5
1648226831.3628197,1.0039107513,2.5992845917,1.7846990967,1.0039107513,1.0039107513,0.9191930890083313,-0.8702269792556763,0.0,1.265784740447998,0.0,-43.43253707885742,23.399999618530273
1648226831.3974807,1.0037058258,2.5990835571,1.870018158,1.0037058258,1.0037058258,1.0313801765441895,-0.0,0.0,1.0313801765441895,0.0,-0.0,23.399999618530273
1648226831.4625144,1.0032817078,2.1117602539,2.5986231232,1.0032817078,1.0032817078,0.9191930890083313,-0.8702269792556763,0.0,1.265784740447998,0.0,-43.43253707885742,23.399999618530273
1648226831.4954994,2.1060417938,1.0030586243,2.5978993988,1.0030586243,1.0030586243,0.9191930890083313,-0.8702269792556763,0.0,1.265784740447998,0.0,-43.43253707885742,23.399999618530273
1648226831.5621386,2.1034711456,1.002743454,2.5975686646,1.002743454,1.002743454,0.8800604343414307,-0.9097827672958374,0.0,1.265784740447998,0.0,-45.95137023925781,23.600000381469727
1648226831.5952425,2.1020496368,1.00271492,2.5970809937,1.00271492,1.00271492,0.9191930890083313,-0.8702269792556763,0.0,1.265784740447998,0.0,-43.43253707885742,24.0
1648226831.6620615,2.1012610626,1.0026409912,2.5970446777,1.0026409912,1.0026409912,0.8800604343414307,-0.9097827672958374,0.0,1.265784740447998,0.0,-45.95137023925781,24.100000381469727
1648226831.6994703,2.1009549713,1.0024827576,2.5972755432,1.0024827576,1.0024827576,1.0308763980865479,-0.03223063051700592,0.0,1.0313800573349,0.0,-1.7907847166061401,24.100000381469727
1648226831.762742,2.1007007599,1.0023867798,2.5972716522,1.0023867798,1.0023867798,0.8800604343414307,-0.9097827672958374,0.0,1.265784740447998,0.0,-45.95137023925781,24.299999237060547
1648226831.79586,2.1009186554,1.002303772,2.5974765778,1.002303772,1.002303772,0.8800604343414307,-0.9097827672958374,0.0,1.265784740447998,0.0,-45.95137023925781,24.299999237060547
1648226831.8622808,2.1013635254,1.0022389221,2.5975219727,1.0022389221,1.0022389221,0.9191930890083313,-0.8702269792556763,0.0,1.265784740447998,0.0,-43.43253707885742,24.200000762939453
1648226831.8955684,2.1021637726,1.0024788666,1.7802231598,1.0024788666,1.0024788666,0.9191930890083313,-0.8702269792556763,0.0,1.265784740447998,0.0,-43.43253707885742,23.200000762939453
1648226831.9627683,2.1029808807,1.0025476074,1.7811569977,1.0025476074,1.0025476074,0.9191930890083313,-0.8702269792556763,0.0,1.265784740447998,0.0,-43.43253707885742,23.100000381469727
1648226831.9961257,2.1044477844,1.0028381348,1.7814034271,1.0028381348,1.0028381348,0.03963707759976387,0.08497165888547897,0.0,0.09376183152198792,0.0,64.9921646118164,23.200000762939453
1648226832.062725,1.0031442261,2.1065878296,2.5977891541,1.0031442261,1.0031442261,0.8800604343414307,-0.9097827672958374,0.0,1.265784740447998,0.0,-45.95137023925781,23.799999237060547
1648226832.0960386,1.0036422729,2.1100430298,2.5982884979,1.0036422729,1.0036422729,0.8800604343414307,-0.9097827672958374,0.0,1.265784740447998,0.0,-45.95137023925781,23.799999237060547
1648226832.1625724,1.0037317657,2.1138652802,2.5988358307,1.0037317657,1.0037317657,0.9191930890083313,-0.8702269792556763,0.0,1.265784740447998,0.0,-43.43253707885742,23.899999618530273
1648226832.1963384,1.0037343597,2.1162154388,2.5987554169,1.0037343597,1.0037343597,0.9191930890083313,-0.8702269792556763,0.0,1.265784740447998,0.0,-43.43253707885742,24.0
1648226832.2630806,1.0036811829,2.1149768066,2.5986594391,1.0036811829,1.0036811829,0.8800604343414307,-0.9097827672958374,0.0,1.265784740447998,0.0,-45.95137023925781,23.799999237060547
1648226832.2963116,1.0035865021,2.1107537842,2.5986607361,1.0035865021,1.0035865021,0.03963707759976387,0.08497165888547897,0.0,0.09376183152198792,0.0,64.9921646118164,24.0
1648226832.3630555,1.0032518768,2.1071766663,2.5985154724,1.0032518768,1.0032518768,1.0313801765441895,-0.0,0.0,1.0313801765441895,0.0,-0.0,24.0
1648226832.3958344,2.1047162628,1.0028381348,2.5981095123,1.0028381348,1.0028381348,0.9191930890083313,-0.8702269792556763,0.0,1.265784740447998,0.0,-43.43253707885742,24.0
1648226832.4627068,2.1030859375,1.0028134918,2.5975790405,1.0028134918,1.0028134918,0.8800604343414307,-0.9097827672958374,0.0,1.265784740447998,0.0,-45.95137023925781,24.600000381469727
1648226832.4958932,2.1022610474,1.0024866486,1.7811388397,1.0024866486,1.0024866486,0.8800604343414307,-0.9097827672958374,0.0,1.265784740447998,0.0,-45.95137023925781,25.200000762939453
1648226832.5631087,2.1017370605,1.0025372314,1.7808444214,1.0025372314,1.0025372314,0.9191930890083313,-0.8702269792556763,0.0,1.265784740447998,0.0,-43.43253707885742,24.200000762939453
1648226832.5954642,2.1015606689,1.0022103882,1.7800636292,1.0022103882,1.0022103882,0.03963707759976387,0.08497165888547897,0.0,0.09376183152198792,0.0,64.9921646118164,24.299999237060547
1648226832.6656914,2.1015074921,1.0021403503,1.7797860718,1.0021403503,1.0021403503,0.03963707759976387,0.08497165888547897,0.0,0.09376183152198792,0.0,64.9921646118164,24.200000762939453
1648226832.7009408,2.1016890717,1.0020443726,1.7799637604,1.0020443726,1.0020443726,0.8800604343414307,-0.9097827672958374,0.0,1.265784740447998,0.0,-45.95137023925781,24.200000762939453
1648226832.7619393,2.1021391296,1.0020858765,1.7802957916,1.0020858765,1.0020858765,0.9191930890083313,-0.8702269792556763,0.0,1.265784740447998,0.0,-43.43253707885742,25.100000381469727
1648226832.795389,2.1025814056,1.0023958588,1.7806926727,1.0023958588,1.0023958588,0.8800604343414307,-0.9097827672958374,0.0,1.265784740447998,0.0,-45.95137023925781,24.799999237060547
1648226832.861945,2.1031559753,1.0026474762,1.7812879944,1.0026474762,1.0026474762,0.8800604343414307,-0.9097827672958374,0.0,1.265784740447998,0.0,-45.95137023925781,24.600000381469727
1648226832.9013932,2.1038537598,1.0028303528,1.7819831848,1.0028303528,1.0028303528,0.03963707759976387,0.08497165888547897,0.0,0.09376183152198792,0.0,64.9921646118164,24.600000381469727
1648226832.9678216,2.105075531,1.0030093384,2.5982314301,1.0030093384,1.0030093384,0.8800604343414307,-0.9097827672958374,0.0,1.265784740447998,0.0,-45.95137023925781,24.600000381469727
1648226832.9959078,1.0030936432,2.1066552734,2.598252182,1.0030936432,1.0030936432,0.8800604343414307,-0.9097827672958374,0.0,1.265784740447998,0.0,-45.95137023925781,24.600000381469727
1648226833.06277,1.0032181549,2.107747345,2.5984117126,1.0032181549,1.0032181549,0.8800604343414307,-0.9097827672958374,0.0,1.265784740447998,0.0,-45.95137023925781,23.399999618530273
1648226833.096129,1.0033115387,2.1085566711,2.5984337616,1.0033115387,1.0033115387,0.9191930890083313,-0.8702269792556763,0.0,1.265784740447998,0.0,-43.43253707885742,23.899999618530273
1648226833.163045,1.0033050537,2.1087590027,2.5985829163,1.0033050537,1.0033050537,0.9191930890083313,-0.8702269792556763,0.0,1.265784740447998,0.0,-43.43253707885742,23.799999237060547
1648226833.201184,1.0033037567,2.1076526642,2.5985647583,1.0033037567,1.0033037567,0.03963707759976387,0.08497165888547897,0.0,0.09376183152198792,0.0,64.9921646118164,24.0
1648226833.2651002,1.0031221771,2.1058589172,2.5980122375,1.0031221771,1.0031221771,0.03963707759976387,0.08497165888547897,0.0,0.09376183152198792,0.0,64.9921646118164,24.399999618530273
