time,imu-pitch,imu-roll,imu-angular_velocity-x,radar-x,radar-y,radar-velocity
0,-0.09315,-0.12939,-0.34247,1.12514,0,-0.1302
0.003425,-0.08616,-0.11941,-0.41677,1.12514,0,-0.1302
0.028331999999999,-0.07848,-0.10724,-0.48685,1.12514,0,-0.1302
0.061157999999999,-0.07029,-0.09305,-0.55028,1.12514,0,-0.1302
0.106490000000001,-0.06180,-0.07714,-0.59977,1.12514,0,-0.1302
0.119271000000001,-0.05329,-0.05993,-0.63794,1.12514,0,-0.2604
0.146988,-0.04511,-0.04170,-0.66373,1.12514,0,-0.2604
0.206448000000002,-0.03752,-0.02282,-0.67794,1.07826,0,-0.2604
0.211259999999999,-0.03095,-0.00358,-0.68254,1.07826,0,-0.2604
0.237905000000001,-0.02568,0.01578,-0.68130,1.07826,0,-0.2604
0.267583000000002,-0.02199,0.03504,-0.67426,1.07826,0,-0.3906
0.312127,-0.02003,0.05405,-0.66227,1.12459,-0.0351606868207,-0.2604
0.324975999999999,-0.01994,0.07276,-0.64994,1.12459,-0.0351606868207,-0.2604
0.354112000000001,-0.02164,0.09106,-0.64318,1.12459,-0.0351606868207,-0.2604
0.418344000000001,-0.02511,0.10899,-0.63408,0.98450,0,-0.5208
0.422212000000002,-0.03026,0.12654,-0.63239,0.98450,0,-0.5208
0.444974999999999,-0.03690,0.14374,-0.62847,0.98450,0,-0.5208
0.475061,-0.04482,0.16057,-0.62258,0.98450,0,-0.5208
0.525204000000002,-0.05382,0.17699,-0.61911,0.98450,0,-0.5208
0.536135000000002,-0.06372,0.19291,-0.60436,0.98450,0,-0.5208
0.565365,-0.07429,0.20804,-0.57955,0.93762,0,-0.5208
0.626595000000002,-0.08535,0.22203,-0.54089,0.89074,0,-0.3906
0.630604999999999,-0.09670,0.23452,-0.49089,0.89074,0,-0.3906
0.654780000000002,-0.10809,0.24511,-0.42613,0.89074,0,-0.3906
0.683019000000002,-0.11919,0.25347,-0.35416,0.89074,0,-0.3906
0.727765999999999,-0.12966,0.25931,-0.26611,0.84386,0,-0.2604
0.741489000000001,-0.13909,0.26253,-0.17839,0.84386,0,-0.2604
0.774294000000001,-0.14705,0.26315,-0.08712,0.84386,0,-0.2604
0.852654000000001,-0.15324,0.26136,-0.00398,0.84386,0,-0.1302
0.85277,-0.15730,0.25751,0.07288,0.84386,0,-0.1302
0.862156000000002,-0.15908,0.25195,0.14553,0.84386,0,-0.1302
0.89536,-0.15847,0.24512,0.20679,0.84386,0,-0.1302
0.942759000000002,-0.15557,0.23737,0.26285,0.84386,0,0.0000
0.952090000000002,-0.15048,0.22886,0.31624,0.84386,0,0.0000
0.982286999999999,-0.14338,0.21971,0.36745,0.84386,0,0.1302
1.042405,-0.13452,0.20977,0.41575,0.98450,0,0.5208
1.045615,-0.12424,0.19892,0.47039,0.98450,0,0.5208
1.071649,-0.11286,0.18689,0.52057,0.98450,0,0.5208
1.102851,-0.10081,0.17354,0.57085,0.89074,0,0.3906
1.153645,-0.08855,0.15877,0.61585,0.89030,-0.0278355441988,0.3906
1.158044,-0.07641,0.14274,0.64891,0.89030,-0.0278355441988,0.3906
1.187944,-0.06484,0.12553,0.67632,0.89030,-0.0278355441988,0.3906
1.250035,-0.05428,0.10749,0.68943,1.03088,-0.032230630517,0.6510
1.253046,-0.04497,0.08893,0.69426,1.03088,-0.032230630517,0.6510
1.27792,-0.03729,0.07014,0.68578,1.07773,-0.0336956568062,0.6510
1.307795,-0.03134,0.05146,0.66867,1.07773,-0.0336956568062,0.6510
1.354945,-0.02733,0.03321,0.64857,1.12459,-0.0351606868207,0.6510
1.367224,-0.02526,0.01566,0.61691,1.12459,-0.0351606868207,0.6510
1.397046,-0.02506,-0.00092,0.58132,1.12459,-0.0351606868207,0.6510
1.460053,-0.02655,-0.01646,0.54743,1.17145,-0.0366257168353,0.6510
1.463724,-0.02952,-0.03084,0.51087,1.17145,-0.0366257168353,0.6510
1.486845,-0.03369,-0.04399,0.47408,1.17145,-0.0366257168353,0.6510
1.519179,-0.03882,-0.05598,0.43977,1.21890,0,0.5208
1.565151,-0.04451,-0.06685,0.40539,1.26517,-0.039555773139,0.5208
1.576352,-0.05043,-0.07665,0.36890,1.26517,-0.039555773139,0.5208
1.606689,-0.05633,-0.08542,0.33394,1.26517,-0.039555773139,0.5208
1.669911,-0.06187,-0.09323,0.29565,1.26578,0,0.3906
1.673272,-0.06680,-0.10005,0.25189,1.26578,0,0.3906
1.695452,-0.07090,-0.10586,0.20486,1.31202,-0.0410208031535,0.3906
1.725317,-0.07402,-0.11050,0.15373,1.31202,-0.0410208031535,0.3906
1.772801,-0.07599,-0.11384,0.09514,1.12459,0.0351606868207,0.1302
1.784289,-0.07678,-0.11565,0.02411,1.12459,0.0351606868207,0.1302
1.814924,-0.07640,-0.11562,-0.04607,1.12514,0,0.0000
1.884065,-0.07404,-0.10980,-0.12326,1.12514,0,0.0000
1.886513,-0.07032,-0.10003,-0.19826,1.12514,0,0.0000
1.907886,-0.06585,-0.08827,-0.27052,1.12514,0,0.0000
1.932737,-0.06109,-0.07648,-0.33486,1.12514,0,-0.1302
1.980321,-0.05655,-0.06631,-0.39391,1.12514,0,-0.1302
1.992764,-0.05162,-0.05453,-0.44624,1.12514,0,-0.1302
2.02443,-0.04647,-0.04135,-0.48606,1.12514,0,-0.1302
2.083538,-0.04136,-0.02705,-0.51690,1.07826,0,-0.1302
2.086268,-0.03646,-0.01191,-0.54157,1.07826,0,-0.1302
2.112396,-0.03207,0.00383,-0.56001,1.07826,0,-0.2604
2.141537,-0.02839,0.01994,-0.56808,1.07826,0,-0.2604
2.191938,-0.02559,0.03616,-0.56590,1.07826,0,-0.2604
2.203829,-0.02383,0.05234,-0.56684,1.07826,0,-0.2604
2.234462,-0.02319,0.06833,-0.55843,1.03138,0,-0.3906
2.294446,-0.02374,0.08407,-0.55158,1.03138,0,-0.3906
2.301056,-0.02545,0.09950,-0.53801,1.03138,0,-0.3906
2.322977,-0.02827,0.11452,-0.53272,1.03138,0,-0.3906
2.359977,-0.03214,0.12919,-0.52780,1.03138,0,-0.3906
2.402795,-0.03692,0.14353,-0.52055,0.98450,0,-0.3906
2.413138,-0.04250,0.15752,-0.51374,0.98450,0,-0.3906
2.439643,-0.04883,0.17112,-0.50494,0.98450,0,-0.3906
2.502141,-0.05579,0.18428,-0.49204,0.93762,0,-0.3906
2.505973,-0.06320,0.19684,-0.47422,0.93762,0,-0.3906
2.610709,-0.07094,0.20857,-0.44350,0.93762,0,-0.2604
2.626487,-0.09525,0.23623,-0.30533,0.93762,0,-0.2604
2.656396,-0.10305,0.24204,-0.24135,0.89074,0,-0.2604
2.715906,-0.11030,0.24585,-0.17152,0.89074,0,-0.1302
2.719947,-0.11667,0.24761,-0.10314,0.89074,0,-0.1302
2.745103,-0.12183,0.24738,-0.03101,0.89074,0,-0.1302
2.777055,-0.12550,0.24537,0.03457,0.89074,0,-0.1302
2.821215,-0.12754,0.24183,0.09190,0.89030,-0.0278355441988,0.0000
2.838271,-0.12781,0.23699,0.15021,0.89030,-0.0278355441988,0.0000
2.976423,-0.12626,0.23105,0.20227,0.89030,-0.0278355441988,0.1302
2.984429,-0.10457,0.19798,0.39808,0.89030,-0.0278355441988,0.1302
3.024937,-0.09638,0.18716,0.44362,0.98450,0,0.5208
3.162838,-0.05266,0.11826,0.57356,0.93762,0,0.3906
3.467192,-0.02945,-0.01464,0.35684,1.21831,-0.0380907431245,0.5208
3.489749,-0.03219,-0.02393,0.33237,1.21890,0,0.3906
3.55035,-0.03523,-0.03246,0.30315,1.21831,-0.0380907431245,0.3906
3.554635,-0.03832,-0.04020,0.27558,1.21831,-0.0380907431245,0.3906
3.582228,-0.04129,-0.04721,0.24803,1.21831,-0.0380907431245,0.3906
3.609556,-0.04399,-0.05338,0.21246,1.07826,0,0.1302
3.651344,-0.04629,-0.05857,0.16914,1.07826,0,0.1302
3.669326,-0.04803,-0.06268,0.12575,1.07826,0,0.1302
3.701625,-0.04917,-0.06551,0.06912,1.07826,0,0.1302
3.758534,-0.04970,-0.06679,0.01324,1.07773,0.0336956568062,0.0000
3.761521,-0.04944,-0.06383,-0.05328,1.07773,0.0336956568062,0.0000
3.787495,-0.04847,-0.05769,-0.11849,1.07826,0,0.0000
3.827484,-0.04700,-0.04966,-0.18467,1.07826,0,0.0000
3.860579,-0.04499,-0.04002,-0.24148,1.07826,0,0.0000
3.876456,-0.04249,-0.02913,-0.29348,1.07826,0,0.0000
3.907519,-0.03991,-0.01911,-0.33928,1.07826,0,-0.1302
3.966164,-0.03729,-0.00891,-0.37327,1.07826,0,-0.1302
3.97047,-0.03461,0.00233,-0.40399,1.07826,0,-0.1302
4.000963,-0.03204,0.01436,-0.42969,1.07826,0,-0.1302
4.025803,-0.02978,0.02704,-0.44808,1.07826,0,-0.1302
4.070583,-0.02793,0.04015,-0.46261,1.07826,0,-0.1302
4.087133,-0.02657,0.05350,-0.46760,1.07826,0,-0.2604
4.116668,-0.02587,0.06700,-0.47425,1.07826,0,-0.2604
4.177727,-0.02581,0.08051,-0.47045,1.03138,0,-0.2604
4.181878,-0.02640,0.09383,-0.46563,1.03138,0,-0.2604
4.206903,-0.02772,0.10687,-0.45767,1.03138,0,-0.2604
4.234317,-0.02971,0.11961,-0.44758,1.03138,0,-0.2604
4.279203,-0.03236,0.13197,-0.43631,0.98450,0,-0.2604
4.300303,-0.03562,0.14389,-0.42747,0.98450,0,-0.2604
4.323894,-0.03940,0.15540,-0.41488,0.98450,0,-0.2604
4.388098,-0.04371,0.16644,-0.40411,0.98450,0,-0.2604
4.391668,-0.04848,0.17700,-0.39037,0.98450,0,-0.2604
4.41686,-0.05364,0.18701,-0.37355,0.98450,0,-0.2604
4.445436,-0.05915,0.19641,-0.35534,0.93762,0,-0.2604
4.487571,-0.06485,0.20507,-0.32659,0.93762,0,-0.2604
4.503369,-0.07071,0.21284,-0.29838,0.93716,-0.0293005723506,-0.2604
4.535985,-0.07659,0.21960,-0.26174,0.93716,-0.0293005723506,-0.2604
4.592307,-0.08226,0.22518,-0.22084,0.93762,0,-0.1302
4.594778,-0.08768,0.22942,-0.17329,0.93762,0,-0.1302
4.624407,-0.09258,0.23222,-0.11967,0.89074,0,-0.1302
4.653168,-0.09677,0.23348,-0.06435,0.89074,0,-0.1302
4.69689,-0.10002,0.23326,-0.01099,0.89030,-0.0278355441988,-0.1302
4.711276,-0.10215,0.23165,0.04487,0.89030,-0.0278355441988,-0.1302
4.741211,-0.10300,0.22877,0.09129,0.89074,0,0.0000
4.806011,-0.10251,0.22466,0.14222,0.89074,0,0.1302
4.809309,-0.10074,0.21945,0.19538,0.89074,0,0.1302
4.831044,-0.09776,0.21321,0.23712,0.89074,0,0.1302
4.903942,-0.09372,0.20603,0.28241,0.93716,-0.0293005723506,0.1302
4.906955,-0.08885,0.19782,0.32610,0.93716,-0.0293005723506,0.1302
4.919813,-0.08327,0.18866,0.35945,0.93762,0,0.2604
4.949525,-0.07721,0.17863,0.39386,0.93762,0,0.2604
5.011834,-0.07084,0.16786,0.42013,0.93762,0,0.2604
5.013139,-0.06434,0.15634,0.44128,0.93762,0,0.2604
5.039011,-0.05804,0.14426,0.45754,1.07773,-0.0336956568062,0.3906
5.068838,-0.05193,0.13185,0.46196,1.07773,-0.0336956568062,0.3906
5.114627,-0.04629,0.11925,0.46403,0.98450,0,0.2604
5.128976,-0.04126,0.10665,0.45846,0.98450,0,0.2604
5.158164,-0.03688,0.09430,0.44184,0.98402,-0.0307656005025,0.2604
5.221728,-0.03326,0.08237,0.42553,0.98450,0,0.2604
5.224744,-0.03042,0.07092,0.40613,0.98450,0,0.2604
5.248917,-0.02841,0.06006,0.38165,0.98450,0,0.2604
5.278377,-0.02710,0.04985,0.35832,1.03138,0,0.2604
5.32314,-0.02647,0.04031,0.33676,1.03138,0,0.2604
5.337169,-0.02642,0.03141,0.31062,1.17202,0,0.3906
5.367056,-0.02686,0.02318,0.28822,1.17202,0,0.3906
5.429073,-0.02765,0.01556,0.26874,1.21831,-0.0380907431245,0.3906
5.43277,-0.02872,0.00856,0.24334,1.21831,-0.0380907431245,0.3906
5.457307,-0.02994,0.00222,0.21962,1.21831,-0.0380907431245,0.2604
5.491546,-0.03122,-0.00349,0.19249,1.21831,-0.0380907431245,0.2604
5.533832,-0.03244,-0.00847,0.16484,1.07826,0,0.1302
5.549005,-0.03351,-0.01265,0.13235,1.07826,0,0.1302
5.57868,-0.03439,-0.01592,0.09612,1.07826,0,0.1302
5.637395,-0.03506,-0.01814,0.05427,1.07826,0,0.0000
5.640513,-0.03564,-0.01853,0.00770,1.07826,0,0.0000
5.665181,-0.03617,-0.01624,-0.04516,1.07826,0,0.0000
5.695874,-0.03643,-0.01237,-0.09642,1.07826,0,0.0000
5.743384,-0.03635,-0.00694,-0.14868,1.07826,0,0.0000
5.754491,-0.03594,-0.00012,-0.19513,1.07826,0,0.0000
5.784434,-0.03512,0.00782,-0.23610,1.07826,0,0.0000
5.850309,-0.03404,0.01654,-0.27349,1.07826,0,-0.1302
5.854912,-0.03290,0.02527,-0.30499,1.07826,0,-0.1302
5.87405,-0.03179,0.03442,-0.32775,1.07826,0,-0.1302
5.90351,-0.03073,0.04415,-0.34745,1.07826,0,-0.1302
5.950111,-0.02989,0.05444,-0.36306,1.03138,0,-0.1302
5.963949,-0.02937,0.06508,-0.37357,1.03138,0,-0.1302
5.992855,-0.02915,0.07597,-0.38200,1.03138,0,-0.1302
6.059641,-0.02925,0.08705,-0.38640,1.03138,0,-0.2604
6.060904,-0.02974,0.09812,-0.38499,1.03138,0,-0.2604
6.083689,-0.03060,0.10908,-0.38023,1.03138,0,-0.2604
6.112402,-0.03185,0.11977,-0.37463,1.03138,0,-0.2604
6.159442,-0.03351,0.13015,-0.36535,1.03138,0,-0.2604
6.173182,-0.03555,0.14014,-0.35212,1.03138,0,-0.2604
6.202054,-0.03797,0.14963,-0.33663,0.98450,0,-0.2604
6.278887,-0.04075,0.15864,-0.32250,0.98450,0,-0.2604
6.283243,-0.04394,0.16715,-0.30757,0.98450,0,-0.2604
6.292154,-0.04740,0.17513,-0.29274,0.98450,0,-0.2604
6.320472,-0.05113,0.18253,-0.27742,0.98450,0,-0.2604
6.367188,-0.05506,0.18934,-0.25366,0.93716,-0.0293005723506,-0.2604
6.380263,-0.05913,0.19554,-0.23600,0.93716,-0.0293005723506,-0.2604
6.409659,-0.06326,0.20112,-0.21503,0.93716,-0.0293005723506,-0.2604
6.470629,-0.06732,0.20596,-0.18794,0.93762,0,-0.1302
6.47383,-0.07121,0.20989,-0.15520,0.93762,0,-0.1302
6.498994,-0.07482,0.21294,-0.12151,0.93762,0,-0.1302
6.531993,-0.07791,0.21498,-0.08307,0.93762,0,-0.1302
6.576626,-0.08042,0.21593,-0.03771,0.93762,0,-0.1302
6.587744,-0.08217,0.21571,0.00286,0.93762,0,-0.1302
6.618146,-0.08307,0.21432,0.04988,0.93716,-0.0293005723506,0.0000
6.679284,-0.08303,0.21177,0.09762,0.93716,-0.0293005723506,0.0000
6.683643,-0.08214,0.20808,0.13829,0.93716,-0.0293005723506,0.0000
6.707325,-0.07883,0.19580,0.17887,0.93716,-0.0293005723506,0.0000
6.738882,-0.07490,0.18297,0.21562,0.93762,0,0.1302
6.78641,-0.07057,0.16984,0.24897,0.93762,0,0.1302
6.798488,-0.06605,0.15644,0.28115,0.93762,0,0.1302
6.826952,-0.06229,0.14850,0.30562,0.93762,0,0.1302
6.888307,-0.05830,0.13994,0.32645,0.93762,0,0.1302
6.891334,-0.05424,0.13084,0.34480,0.93762,0,0.1302
6.916339,-0.05028,0.12125,0.35740,0.93762,0,0.1302
6.948014,-0.04655,0.11131,0.36328,0.93762,0,0.1302
6.995988,-0.04315,0.10113,0.37110,0.98450,0,0.2604
7.005143,-0.04014,0.09090,0.36530,0.98450,0,0.2604
7.035099,-0.03755,0.08077,0.36108,0.98450,0,0.2604
7.103796,-0.03545,0.07084,0.35128,1.12459,-0.0351606868207,0.3906
7.104826,-0.03375,0.06131,0.33570,1.12459,-0.0351606868207,0.3906
7.124898,-0.03249,0.05233,0.31403,1.12459,-0.0351606868207,0.3906
7.154263,-0.03166,0.04391,0.29588,0.98450,0,0.2604
7.202824,-0.03124,0.03605,0.27402,1.17145,-0.0366257168353,0.3906
7.214764,-0.03109,0.02888,0.24844,1.17145,-0.0366257168353,0.3906
7.244787,-0.03125,0.02235,0.22902,1.17145,-0.0366257168353,0.3906
7.307085,-0.03164,0.01637,0.20560,1.17145,-0.0366257168353,0.2604
7.312138,-0.03217,0.01105,0.18388,1.17145,-0.0366257168353,0.2604
7.333759,-0.03280,0.00627,0.16263,1.03138,0,0.1302
7.363062,-0.03346,0.00211,0.13808,1.03138,0,0.1302
7.413499,-0.03415,-0.00149,0.11897,1.03138,0,0.1302
7.423078,-0.03477,-0.00448,0.09602,1.03138,0,0.1302
7.45224,-0.03535,-0.00684,0.07082,1.03138,0,0.1302
7.51554,-0.03594,-0.00804,0.04093,1.07826,0,0.0000
7.517918,-0.03663,-0.00757,0.00659,1.07826,0,0.0000
7.541301,-0.03717,-0.00605,-0.03341,1.07826,0,0.0000
7.572384,-0.03762,-0.00335,-0.07545,1.03138,0,0.0000
7.623138,-0.03791,0.00061,-0.11320,1.03088,0.032230630517,0.0000
7.63108,-0.03799,0.00571,-0.15007,1.03088,0.032230630517,0.0000
7.661063,-0.03777,0.01180,-0.18853,1.03088,0.032230630517,0.0000
7.724236,-0.03743,0.01861,-0.21686,1.03138,0,0.0000
7.727025,-0.03694,0.02592,-0.24023,1.03138,0,0.0000
7.750531,-0.03643,0.03348,-0.25897,1.03138,0,-0.1302
7.779965,-0.03607,0.04115,-0.27472,1.03138,0,-0.1302
7.835751,-0.03581,0.04918,-0.28887,1.03088,-0.032230630517,-0.1302
7.842004,-0.03569,0.05766,-0.29405,1.03088,-0.032230630517,-0.1302
7.871658,-0.03576,0.06631,-0.30336,1.03138,0,-0.1302
7.900464,-0.03605,0.07507,-0.30452,1.03138,0,-0.1302
7.935653,-0.03648,0.08393,-0.30999,1.03138,0,-0.1302
7.958346,-0.03711,0.09275,-0.30502,1.03138,0,-0.1302
7.991442,-0.03792,0.10140,-0.30090,1.03138,0,-0.1302
8.046182,-0.03888,0.10975,-0.29107,0.98450,0,-0.1302
8.04931,-0.04001,0.11773,-0.27780,0.98450,0,-0.1302
8.077861,-0.04136,0.12533,-0.26460,0.98450,0,-0.1302
8.113868,-0.04293,0.13239,-0.24948,0.98450,0,-0.1302
8.144277,-0.04477,0.13895,-0.23108,0.98450,0,-0.1302
8.167639,-0.04681,0.14495,-0.22029,0.98450,0,-0.1302
8.19891,-0.04905,0.15040,-0.20217,0.98450,0,-0.1302
8.246312,-0.05142,0.15531,-0.18397,0.98450,0,-0.1302
8.264586,-0.05384,0.15963,-0.16381,0.98450,0,-0.1302
8.286296,-0.05630,0.16337,-0.14436,0.98450,0,-0.1302
8.315957,-0.05863,0.16657,-0.12348,0.98450,0,-0.1302
8.3526,-0.06076,0.16916,-0.09995,0.93762,0,-0.1302
8.375469,-0.06264,0.17111,-0.07666,0.93762,0,-0.1302
8.405845,-0.06418,0.17230,-0.04696,0.93762,0,0.0000
8.456526,-0.06527,0.17273,-0.01305,0.93762,0,0.0000
8.465429,-0.06587,0.17223,0.02015,0.93716,-0.0293005723506,0.0000
8.495852,-0.06590,0.17076,0.05949,0.93716,-0.0293005723506,0.0000
8.526075,-0.06451,0.16217,0.09609,0.93762,0,0.0000
8.56122,-0.06261,0.15284,0.13043,0.93762,0,0.0000
8.584191,-0.06028,0.14297,0.15850,0.93762,0,0.0000
8.61344,-0.05770,0.13275,0.18635,0.93762,0,0.0000
8.6673,-0.05496,0.12231,0.21083,0.93762,0,0.1302
8.674198,-0.05217,0.11175,0.22958,0.93762,0,0.1302
8.704126,-0.04965,0.10377,0.24994,0.98450,0,0.1302
8.733032,-0.04728,0.09676,0.26209,0.98450,0,0.1302
8.770315,-0.04500,0.08938,0.27614,0.98402,-0.0307656005025,0.1302
8.792706,-0.04286,0.08168,0.28175,0.98402,-0.0307656005025,0.1302
8.822032,-0.04093,0.07379,0.28776,0.98450,0,0.1302
8.874704,-0.03936,0.06577,0.29098,0.98450,0,0.1302
8.881263,-0.03797,0.05770,0.28608,0.98450,0,0.1302
8.914446,-0.03691,0.04974,0.27997,0.98450,0,0.1302
8.94375,-0.03609,0.04203,0.27049,0.98450,0,0.1302
8.98352,-0.03547,0.03465,0.25469,0.98450,0,0.1302
9.001173,-0.03507,0.02773,0.23791,1.03138,0,0.1302
9.031835,-0.03486,0.02135,0.21913,1.03138,0,0.1302
9.08487,-0.03484,0.01551,0.19677,1.17145,-0.0366257168353,0.2604
9.092214,-0.03494,0.01028,0.18004,1.17145,-0.0366257168353,0.2604
9.128287,-0.03517,0.00566,0.15737,1.17202,0,0.2604
9.150787,-0.03552,0.00160,0.13994,1.17202,0,0.2604
9.187591,-0.03593,-0.00187,0.11612,1.03138,0,0.1302
9.209586,-0.03637,-0.00482,0.09838,1.03138,0,0.1302
9.239577,-0.03687,-0.00728,0.08079,1.03138,0,0.1302
9.299355,-0.03734,-0.00918,0.05898,1.03138,0,0.0000
9.302355,-0.03792,-0.00989,0.04277,1.03088,-0.032230630517,0.0000
9.329972,-0.03849,-0.00972,0.01991,1.03088,-0.032230630517,0.0000
9.359658,-0.03902,-0.00898,-0.00203,1.03138,0,0.0000
9.396202,-0.03949,-0.00755,-0.03299,1.03138,0,0.0000
9.418812,-0.03988,-0.00529,-0.06343,1.03138,0,0.0000
9.448551,-0.04018,-0.00207,-0.09584,1.03138,0,0.0000
9.502514,-0.04042,0.00206,-0.12163,1.03088,0.032230630517,0.0000
9.508002,-0.04051,0.00705,-0.15163,1.03088,0.032230630517,0.0000
9.538206,-0.04048,0.01258,-0.17364,1.03138,0,0.0000
9.568819,-0.04037,0.01853,-0.18921,1.03138,0,0.0000
9.612727,-0.04024,0.02459,-0.20566,1.03138,0,-0.1302
9.627912,-0.04018,0.03068,-0.21482,1.03138,0,-0.1302
9.657032,-0.04023,0.03677,-0.22749,1.03138,0,-0.1302
9.711954,-0.04041,0.04274,-0.23116,1.03138,0,-0.1302
9.719259,-0.04067,0.04860,-0.23416,1.03138,0,-0.1302
9.748434,-0.04104,0.05473,-0.23947,1.03138,0,-0.1302
9.777137,-0.04144,0.06168,-0.24249,1.03088,0.032230630517,-0.1302
9.8191,-0.04191,0.06862,-0.24043,1.03088,0.032230630517,-0.1302
9.836903,-0.04246,0.07552,-0.23979,1.03138,0,-0.1302
9.86489,-0.04309,0.08220,-0.23328,1.03138,0,-0.1302
9.922606,-0.04378,0.08854,-0.21839,0.98450,0,-0.1302
9.926696,-0.04456,0.09456,-0.20935,0.98450,0,-0.1302
9.954714,-0.04539,0.10009,-0.19402,0.98450,0,-0.1302
9.984639,-0.04635,0.10505,-0.17361,0.98450,0,-0.1302
10.023557,-0.04743,0.10949,-0.15719,0.98402,-0.0307656005025,-0.1302
10.043938,-0.04856,0.11332,-0.13887,0.98402,-0.0307656005025,-0.1302
10.076906,-0.04978,0.11663,-0.11814,0.98402,-0.0307656005025,-0.1302
10.146692,-0.05101,0.11940,-0.10350,0.98450,0,-0.1302
10.146743,-0.05217,0.12172,-0.08738,0.98450,0,-0.1302
10.162879,-0.05321,0.12358,-0.07104,0.98450,0,-0.1302
10.194642,-0.05411,0.12495,-0.05377,0.98450,0,-0.1302
10.235948,-0.05483,0.12586,-0.03436,0.98450,0,0.0000
10.253242,-0.05530,0.12623,-0.01144,0.98450,0,0.0000
10.282856,-0.05527,0.12457,0.01470,0.98402,-0.0307656005025,0.0000
10.337498,-0.05462,0.11928,0.04208,0.98450,0,0.0000
10.341969,-0.05368,0.11325,0.07227,0.98450,0,0.0000
10.372309,-0.05246,0.10650,0.09878,0.98450,0,0.0000
10.401643,-0.05105,0.09920,0.12328,0.98450,0,0.0000
10.446076,-0.04949,0.09153,0.14617,0.98402,-0.0307656005025,0.0000
10.461879,-0.04788,0.08367,0.16410,0.98402,-0.0307656005025,0.0000
10.493518,-0.04622,0.07572,0.17832,0.98402,-0.0307656005025,0.0000
10.547397,-0.04462,0.06783,0.19097,0.98450,0,0.1302
10.551366,-0.04317,0.06073,0.20119,0.98450,0,0.1302
10.580387,-0.04192,0.05502,0.20800,0.98402,-0.0307656005025,0.1302
10.611153,-0.04083,0.04906,0.21659,0.98402,-0.0307656005025,0.1302
10.651432,-0.03984,0.04292,0.21977,0.98450,0,0.1302
10.671727,-0.03901,0.03664,0.22117,0.98450,0,0.1302
10.699842,-0.03835,0.03035,0.22306,0.98450,0,0.1302
10.754451,-0.03784,0.02407,0.21748,0.98402,0.0307656005025,0.1302
10.759108,-0.03746,0.01793,0.21180,0.98402,0.0307656005025,0.1302
10.78995,-0.03715,0.01199,0.20282,0.98402,0.0307656005025,0.1302
10.820702,-0.03693,0.00638,0.18969,0.98450,0,0.1302
10.872717,-0.03685,0.00120,0.17415,1.03138,0,0.1302
10.877034,-0.03686,-0.00349,0.15674,1.03138,0,0.1302
10.908869,-0.03691,-0.00761,0.13657,1.03138,0,0.1302
10.9668,-0.03707,-0.01123,0.11954,1.03138,0,0.1302
10.970067,-0.03731,-0.01431,0.09970,1.03138,0,0.1302
10.998345,-0.03773,-0.01603,0.08368,1.03138,0,0.1302
11.028368,-0.03818,-0.01687,0.06558,1.03138,0,0.1302
11.067238,-0.03861,-0.01721,0.04797,1.03138,0,0.0000
11.087519,-0.03911,-0.01715,0.03407,1.03138,0,0.0000
11.117228,-0.03958,-0.01666,0.01823,1.03138,0,0.0000
11.183428,-0.04002,-0.01579,0.00293,1.03088,0.032230630517,0.0000
11.184579,-0.04041,-0.01452,-0.01423,1.03088,0.032230630517,0.0000
11.206467,-0.04078,-0.01273,-0.03533,1.03088,0.032230630517,0.0000
11.235821,-0.04114,-0.01037,-0.05969,1.03088,0.032230630517,0.0000
11.280704,-0.04148,-0.00728,-0.08740,1.03138,0,0.0000
11.297472,-0.04176,-0.00348,-0.10706,1.03138,0,0.0000
11.325436,-0.04196,0.00093,-0.12677,1.03138,0,0.0000
11.387,-0.04204,0.00569,-0.14372,1.03088,-0.032230630517,0.0000
11.393762,-0.04212,0.01067,-0.15786,1.03088,-0.032230630517,0.0000
11.416306,-0.04223,0.01577,-0.16729,1.03138,0,0.0000
11.445047,-0.04238,0.02081,-0.17470,1.03138,0,0.0000
11.484799,-0.04259,0.02577,-0.18209,1.03138,0,-0.1302
11.504512,-0.04287,0.03065,-0.18652,1.03138,0,-0.1302
11.533802,-0.04315,0.03541,-0.18817,1.03138,0,-0.1302
11.592606,-0.04353,0.04005,-0.19401,1.03138,0,-0.1302
11.597919,-0.04395,0.04462,-0.19553,1.03138,0,-0.1302
11.622995,-0.04432,0.04896,-0.18997,1.03138,0,-0.1302
11.655887,-0.04468,0.05294,-0.18743,0.98450,0,-0.1302
11.693892,-0.04503,0.05665,-0.18155,0.98450,0,-0.1302
11.713448,-0.04536,0.05985,-0.17126,0.98450,0,-0.1302
11.742629,-0.04570,0.06256,-0.16018,0.98450,0,-0.1302
11.798933,-0.04597,0.06470,-0.14673,0.98450,0,-0.1302
11.802104,-0.04627,0.06621,-0.12720,0.98450,0,-0.1302
11.831641,-0.04674,0.06941,-0.10920,0.98450,0,-0.1302
11.86107,-0.04723,0.07209,-0.09313,0.98450,0,-0.1302
11.903211,-0.04767,0.07429,-0.08031,0.98450,0,-0.1302
11.924876,-0.04809,0.07596,-0.05778,0.98450,0,-0.1302
11.952458,-0.04826,0.07440,-0.04392,0.98450,0,0.0000
12.007492,-0.04834,0.07255,-0.03011,0.98402,-0.0307656005025,0.0000
12.011274,-0.04826,0.07039,-0.02102,0.98402,-0.0307656005025,0.0000
12.040248,-0.04806,0.06794,-0.00035,0.98402,-0.0307656005025,0.0000
12.070146,-0.04769,0.06511,0.01692,0.98402,-0.0307656005025,0.0000
12.112812,-0.04715,0.06181,0.04114,0.98402,-0.0307656005025,0.0000
12.133154,-0.04651,0.05799,0.06284,0.98450,0,0.0000
12.159745,-0.04574,0.05350,0.08614,0.98450,0,0.0000
12.219885,-0.04486,0.04847,0.10568,0.98450,0,0.0000
12.221513,-0.04397,0.04311,0.12153,0.98450,0,0.0000
12.248844,-0.04307,0.03760,0.13497,0.98402,-0.0307656005025,0.0000
12.278509,-0.04221,0.03200,0.14522,0.98402,-0.0307656005025,0.0000
12.32139,-0.04136,0.02649,0.15278,0.98450,0,0.1302
12.337865,-0.04057,0.02102,0.15945,0.98450,0,0.1302
12.367927,-0.03994,0.01558,0.16565,0.98402,-0.0307656005025,0.1302
12.425246,-0.03938,0.01024,0.17369,0.98450,0,0.1302
12.428195,-0.03900,0.00494,0.17493,0.98450,0,0.1302
12.45779,-0.03859,-0.00006,0.17524,0.98450,0,0.1302
12.48686,-0.03824,-0.00509,0.17672,0.98450,0,0.1302
12.53175,-0.03810,-0.00981,0.17265,0.98450,0,0.1302
12.547798,-0.03808,-0.01413,0.16743,0.98450,0,0.1302
12.57692,-0.03800,-0.01828,0.15862,0.98450,0,0.1302
12.633701,-0.03810,-0.02178,0.14656,1.03138,0,0.1302
12.637857,-0.03822,-0.02483,0.13672,1.03138,0,0.1302
12.666178,-0.03838,-0.02738,0.12362,1.03138,0,0.1302
12.69596,-0.03859,-0.02933,0.11096,1.03138,0,0.1302
12.741052,-0.03883,-0.03079,0.09101,1.03138,0,0.1302
12.757067,-0.03912,-0.03163,0.07653,1.03138,0,0.1302
12.786218,-0.03939,-0.03201,0.06171,1.03138,0,0.0000
12.842835,-0.03972,-0.03185,0.04291,1.03138,0,0.0000
12.845647,-0.04004,-0.03126,0.02948,1.03138,0,0.0000
12.87334,-0.04032,-0.03028,0.01361,1.03138,0,0.0000
12.904017,-0.04063,-0.02894,0.00033,1.03138,0,0.0000
12.947488,-0.04092,-0.02728,-0.01208,1.03138,0,0.0000
12.967009,-0.04125,-0.02528,-0.02827,1.03138,0,0.0000
12.994752,-0.04157,-0.02283,-0.04730,1.03138,0,0.0000
13.051868,-0.04193,-0.01993,-0.06670,1.03138,0,0.0000
13.056385,-0.04226,-0.01656,-0.08457,1.03138,0,0.0000
13.083333,-0.04254,-0.01271,-0.10135,1.03138,0,0.0000
13.113417,-0.04276,-0.00852,-0.11599,1.03138,0,0.0000
13.1584,-0.04295,-0.00409,-0.12772,1.03138,0,0.0000
13.1731,-0.04313,0.00042,-0.13526,1.03138,0,0.0000
13.202006,-0.04330,0.00496,-0.14211,1.03138,0,0.0000
13.266328,-0.04353,0.00942,-0.14977,1.03138,0,-0.1302
13.266862,-0.04380,0.01383,-0.15379,1.03138,0,-0.1302
13.297848,-0.04411,0.01817,-0.15799,1.03138,0,-0.1302
13.324078,-0.04443,0.02239,-0.15744,1.03138,0,-0.1302
13.366516,-0.04477,0.02647,-0.15746,1.03138,0,-0.1302
13.383624,-0.04509,0.03034,-0.15390,0.98450,0,-0.1302
13.413153,-0.04536,0.03393,-0.15318,0.98450,0,-0.1302
13.471748,-0.04566,0.03720,-0.14585,0.98402,-0.0307656005025,-0.1302
13.476376,-0.04596,0.04007,-0.13556,0.98402,-0.0307656005025,-0.1302
13.503866,-0.04622,0.04253,-0.12669,0.98450,0,-0.1302
13.530596,-0.04646,0.04454,-0.11721,0.98450,0,-0.1302
13.574146,-0.04667,0.04608,-0.10490,0.98450,0,-0.1302
13.589102,-0.04683,0.04713,-0.09280,0.98450,0,-0.1302
13.622189,-0.04696,0.04769,-0.08098,0.98450,0,0.0000
13.682405,-0.04698,0.04783,-0.06713,0.98450,0,0.0000
13.685206,-0.04700,0.04755,-0.05008,0.98450,0,0.0000
13.709254,-0.04697,0.04680,-0.03619,0.98450,0,0.0000
13.742183,-0.04689,0.04562,-0.02265,0.98450,0,0.0000
13.785615,-0.04672,0.04404,-0.00452,0.98450,0,0.0000
13.797907,-0.04652,0.04205,0.00912,0.98402,-0.0307656005025,0.0000
13.827809,-0.04623,0.03969,0.02888,0.98402,-0.0307656005025,0.0000
13.888544,-0.04582,0.03693,0.04609,0.98450,0,0.0000
13.891441,-0.04530,0.03379,0.06208,0.98450,0,0.0000
13.91742,-0.04471,0.03030,0.07760,0.98450,0,0.0000
13.947501,-0.04412,0.02647,0.09273,0.98450,0,0.0000
13.993194,-0.04350,0.02241,0.10527,0.98450,0,0.0000
14.006247,-0.04286,0.01813,0.11646,0.98450,0,0.0000
14.043641,-0.04224,0.01374,0.12572,0.98450,0,0.0000
14.099457,-0.04162,0.00930,0.13340,0.98450,0,0.0000
14.102097,-0.04105,0.00498,0.13701,0.98450,0,0.0000
14.125893,-0.04056,0.00072,0.13948,0.98450,0,0.0000
14.155857,-0.04013,-0.00346,0.14544,0.98450,0,0.1302
14.200691,-0.03976,-0.00754,0.14759,0.98450,0,0.1302
14.219588,-0.03949,-0.01149,0.14680,0.98450,0,0.1302
14.24509,-0.03925,-0.01525,0.14733,0.98450,0,0.1302
14.320656,-0.03907,-0.01881,0.14038,0.98450,0,0.1302
14.324093,-0.03896,-0.02198,0.13806,0.98450,0,0.1302
14.337844,-0.03875,-0.02503,0.12336,0.98450,0,0.1302
14.363924,-0.03873,-0.02743,0.11713,0.98450,0,0.1302
14.410882,-0.03868,-0.02952,0.10715,1.03138,0,0.0000
14.423283,-0.03871,-0.03121,0.09628,1.03138,0,0.0000
14.454528,-0.03879,-0.03242,0.08511,1.03138,0,0.0000
14.518118,-0.03892,-0.03322,0.07168,1.03088,0.032230630517,0.0000
14.520647,-0.03910,-0.03360,0.05853,1.03088,0.032230630517,0.0000
14.542827,-0.03928,-0.03359,0.04514,1.03088,0.032230630517,0.0000
14.572769,-0.03944,-0.03321,0.03480,1.03088,0.032230630517,0.0000
14.618136,-0.03964,-0.03242,0.01696,1.03138,0,0.0000
14.636952,-0.03988,-0.03125,0.00569,1.03138,0,0.0000
14.662729,-0.04011,-0.02966,-0.00692,1.03138,0,0.0000
14.723969,-0.04032,-0.02768,-0.02701,1.03138,0,0.0000
14.726522,-0.04053,-0.02534,-0.04154,1.03138,0,0.0000
14.751081,-0.04076,-0.02258,-0.05806,1.03138,0,0.0000
14.782222,-0.04101,-0.01944,-0.07288,1.03138,0,0.0000
14.827543,-0.04127,-0.01599,-0.08332,1.03138,0,0.0000
14.842585,-0.04150,-0.01230,-0.09951,1.03138,0,0.0000
14.87028,-0.04174,-0.00843,-0.10461,1.03138,0,0.0000
14.937745,-0.04202,-0.00448,-0.11652,1.03138,0,0.0000
14.942333,-0.04232,-0.00046,-0.12350,1.03138,0,0.0000
14.960541,-0.04263,0.00357,-0.12996,1.03138,0,0.0000
14.99074,-0.04295,0.00761,-0.13297,1.03138,0,0.0000
15.035948,-0.04326,0.01164,-0.13809,1.03088,0.032230630517,0.0000
15.049321,-0.04358,0.01552,-0.13829,1.03088,0.032230630517,0.0000
15.079229,-0.04392,0.01927,-0.13679,0.98450,0,0.0000
15.142914,-0.04427,0.02279,-0.13714,0.98450,0,-0.1302
15.144681,-0.04462,0.02603,-0.13203,0.98450,0,-0.1302
15.1687,-0.04504,0.02897,-0.12538,0.98450,0,-0.1302
15.198311,-0.04545,0.03155,-0.11917,0.98450,0,-0.1302
15.244575,-0.04581,0.03372,-0.11315,0.98450,0,0.0000
15.257502,-0.04613,0.03554,-0.10289,0.98450,0,0.0000
15.289119,-0.04640,0.03699,-0.08786,0.98450,0,0.0000
15.363696,-0.04660,0.03803,-0.08031,0.98402,-0.0307656005025,0.0000
15.365904,-0.04675,0.03868,-0.07001,0.98402,-0.0307656005025,0.0000
15.377411,-0.04689,0.03895,-0.05602,0.98402,-0.0307656005025,0.0000
15.406945,-0.04696,0.03884,-0.04230,0.98402,-0.0307656005025,0.0000
15.453821,-0.04701,0.03831,-0.03022,0.98450,0,0.0000
15.46918,-0.04699,0.03737,-0.01817,0.98450,0,0.0000
15.498026,-0.04691,0.03602,-0.00233,0.98450,0,0.0000
15.557453,-0.04676,0.03433,0.01159,0.98450,0,0.0000
15.560335,-0.04650,0.03223,0.02809,0.98450,0,0.0000
15.585523,-0.04615,0.02979,0.04286,0.98450,0,0.0000
15.617775,-0.04573,0.02704,0.05799,0.98402,-0.0307656005025,0.0000
15.664381,-0.04527,0.02396,0.06886,0.98450,0,0.0000
15.674638,-0.04480,0.02065,0.08307,0.98450,0,0.0000
15.704934,-0.04428,0.01711,0.09342,0.98450,0,0.0000
15.768039,-0.04376,0.01343,0.10346,0.98402,-0.0307656005025,0.0000
15.772362,-0.04324,0.00969,0.11169,0.98402,-0.0307656005025,0.0000
15.794037,-0.04271,0.00592,0.11593,0.98402,-0.0307656005025,0.0000
15.825013,-0.04218,0.00216,0.12155,0.98402,-0.0307656005025,0.0000
15.878587,-0.04169,-0.00152,0.12800,0.98450,0,0.0000
15.883302,-0.04127,-0.00515,0.12696,0.98450,0,0.0000
15.913226,-0.04087,-0.00867,0.12874,0.98450,0,0.1302
15.9754,-0.04050,-0.01208,0.12725,0.98450,0,0.0000
15.979163,-0.04014,-0.01531,0.12385,0.98450,0,0.0000
16.002647,-0.03980,-0.01829,0.12031,0.98450,0,0.0000
16.032462,-0.03949,-0.02098,0.11548,0.98450,0,0.0000
16.081027,-0.03925,-0.02333,0.11016,0.98450,0,0.0000
16.092411,-0.03905,-0.02544,0.10158,0.98450,0,0.0000
16.121722,-0.03884,-0.02715,0.09012,0.98450,0,0.0000
16.185839,-0.03871,-0.02845,0.07969,0.98450,0,0.0000
16.190106,-0.03861,-0.02941,0.07105,0.98450,0,0.0000
16.212459,-0.03859,-0.03002,0.06056,1.03138,0,0.0000
16.241135,-0.03861,-0.03026,0.05037,1.03138,0,0.0000
16.290783,-0.03867,-0.03012,0.03640,1.03138,0,0.0000
16.300831,-0.03875,-0.02962,0.02446,1.03138,0,0.0000
16.333005,-0.03883,-0.02879,0.01286,1.03138,0,0.0000
16.39845,-0.03895,-0.02756,0.00047,1.03138,0,0.0000
16.400439,-0.03910,-0.02602,-0.01277,1.03138,0,0.0000
16.42121,-0.03925,-0.02414,-0.02507,1.03138,0,0.0000
16.449975,-0.03940,-0.02190,-0.03961,1.03088,0.032230630517,0.0000
16.49884,-0.03959,-0.01932,-0.05771,1.03138,0,0.0000
16.51057,-0.03979,-0.01642,-0.06710,1.03138,0,0.0000
16.538945,-0.04000,-0.01328,-0.07742,1.03138,0,0.0000
16.602456,-0.04024,-0.00995,-0.08720,1.03138,0,0.0000
16.605951,-0.04049,-0.00648,-0.09705,1.03138,0,0.0000
16.629203,-0.04080,-0.00294,-0.10498,1.03138,0,0.0000
16.658123,-0.04116,0.00068,-0.11215,1.03138,0,0.0000
16.710169,-0.04152,0.00430,-0.11468,1.03138,0,0.0000
16.718845,-0.04187,0.00789,-0.12007,1.03138,0,0.0000
16.750555,-0.04225,0.01139,-0.11842,0.98450,0,0.0000
16.810396,-0.04267,0.01480,-0.12040,0.98450,0,0.0000
16.812953,-0.04311,0.01804,-0.11836,0.98450,0,0.0000
16.868441,-0.04356,0.02104,-0.11564,0.98450,0,0.0000
16.871526,-0.04407,0.02380,-0.11712,0.98450,0,0.0000
16.918374,-0.04453,0.02626,-0.10939,0.98450,0,0.0000
16.927041,-0.04495,0.02840,-0.09892,0.98450,0,0.0000
16.956065,-0.04538,0.03020,-0.09252,0.98450,0,0.0000
16.987735,-0.04577,0.03170,-0.08676,0.98450,0,0.0000
17.021712,-0.04611,0.03286,-0.07794,0.98450,0,0.0000
17.048259,-0.04642,0.03368,-0.06630,0.98450,0,0.0000
17.075458,-0.04664,0.03416,-0.05645,0.98450,0,0.0000
17.127817,-0.04687,0.03423,-0.04236,0.98450,0,0.0000
17.134918,-0.04704,0.03394,-0.03138,0.98450,0,0.0000
17.165104,-0.04713,0.03328,-0.01967,0.98450,0,0.0000
17.198904,-0.04717,0.03227,-0.00492,0.98450,0,0.0000
17.233077,-0.04716,0.03089,0.00627,0.98450,0,0.0000
17.254692,-0.04706,0.02918,0.01970,0.98450,0,0.0000
17.283523,-0.04689,0.02721,0.03251,0.98402,-0.0307656005025,0.0000
17.337602,-0.04669,0.02489,0.04450,0.98402,-0.0307656005025,0.0000
17.346908,-0.04635,0.02235,0.05502,0.98450,0,0.0000
17.375488,-0.04598,0.01952,0.06901,0.98450,0,0.0000
17.406505,-0.04558,0.01650,0.07907,0.98450,0,0.0000
17.440713,-0.04514,0.01333,0.08944,0.98450,0,0.0000
17.462664,-0.04462,0.01006,0.09513,0.98450,0,0.0000
17.492342,-0.04412,0.00673,0.10086,0.98450,0,0.0000
17.546416,-0.04362,0.00342,0.10650,0.98402,-0.0307656005025,0.0000
17.559989,-0.04309,0.00015,0.10814,0.98402,-0.0307656005025,0.0000
17.586524,-0.04259,-0.00309,0.10980,0.98450,0,0.0000
17.610917,-0.04208,-0.00625,0.11308,0.98450,0,0.0000
17.650304,-0.04162,-0.00927,0.11306,0.98402,-0.0307656005025,0.0000
17.670425,-0.04112,-0.01221,0.11186,0.98402,-0.0307656005025,0.0000
17.700566,-0.04066,-0.01492,0.11250,0.98450,0,0.0000
17.752198,-0.04025,-0.01743,0.10137,0.98450,0,0.0000
17.763106,-0.03985,-0.01959,0.09779,1.03088,-0.032230630517,0.0000
17.790692,-0.03945,-0.02163,0.08918,1.03088,-0.032230630517,0.0000
17.820398,-0.03919,-0.02315,0.08440,1.03138,0,0.0000
17.864205,-0.03886,-0.02448,0.07587,1.03138,0,0.0000
17.877757,-0.03860,-0.02545,0.06532,0.98450,0,0.0000
17.909103,-0.03839,-0.02612,0.05921,0.98450,0,0.0000
17.962519,-0.03821,-0.02648,0.04899,1.03088,-0.032230630517,0.0000
17.970039,-0.03809,-0.02649,0.03756,1.03088,-0.032230630517,0.0000
18.000757,-0.03801,-0.02618,0.02737,1.03088,-0.032230630517,0.0000
18.027898,-0.03802,-0.02554,0.01588,1.03088,-0.032230630517,0.0000
18.066778,-0.03804,-0.02457,0.00414,1.03088,0.032230630517,0.0000
18.09044,-0.03810,-0.02329,-0.00976,1.03088,0.032230630517,0.0000
18.118035,-0.03817,-0.02168,-0.02137,1.03088,0.032230630517,0.0000
18.171278,-0.03825,-0.01976,-0.03147,1.03088,0.032230630517,0.0000
18.178073,-0.03840,-0.01757,-0.04366,1.03088,0.032230630517,0.0000
18.207207,-0.03858,-0.01512,-0.05635,1.03088,0.032230630517,0.0000
18.237354,-0.03878,-0.01239,-0.06196,1.03138,0,0.0000
18.276163,-0.03902,-0.00951,-0.07469,1.03138,0,0.0000
18.298396,-0.03930,-0.00649,-0.08314,1.03138,0,0.0000
18.326263,-0.03963,-0.00337,-0.09106,1.03138,0,0.0000
18.380193,-0.03998,-0.00020,-0.09658,1.03138,0,0.0000
18.388624,-0.04040,0.00299,-0.10177,1.03138,0,0.0000
18.423947,-0.04083,0.00617,-0.10086,1.03088,-0.032230630517,0.0000
18.447348,-0.04128,0.00927,-0.10729,1.03088,-0.032230630517,0.0000
18.483857,-0.04175,0.01230,-0.10647,1.03138,0,0.0000
18.50534,-0.04224,0.01520,-0.10855,1.03138,0,0.0000
18.535842,-0.04277,0.01797,-0.10324,1.03138,0,0.0000
18.593233,-0.04333,0.02047,-0.10028,0.98450,0,0.0000
18.597465,-0.04388,0.02274,-0.09541,0.98450,0,0.0000
18.62409,-0.04440,0.02471,-0.09074,0.98450,0,0.0000
18.654629,-0.04494,0.02643,-0.08571,0.98450,0,0.0000
18.697029,-0.04544,0.02782,-0.07984,0.98450,0,0.0000
18.713859,-0.04590,0.02894,-0.07181,0.98450,0,0.0000
18.748426,-0.04628,0.02974,-0.05789,0.98450,0,0.0000
18.802754,-0.04665,0.03027,-0.05544,0.98450,0,0.0000
18.805245,-0.04698,0.03043,-0.04423,0.98450,0,0.0000
18.846903,-0.04722,0.03026,-0.02907,0.98450,0,0.0000
18.862704,-0.04744,0.02971,-0.01836,0.98450,0,0.0000
18.900564,-0.04759,0.02887,-0.00872,0.98450,0,0.0000
18.922026,-0.04769,0.02768,0.00202,0.98450,0,0.0000
18.951844,-0.04770,0.02621,0.01479,0.98450,0,0.0000
19.007135,-0.04765,0.02449,0.02388,0.98450,0,0.0000
19.013444,-0.04751,0.02250,0.03829,0.98450,0,0.0000
19.041431,-0.04731,0.02030,0.04928,0.98450,0,0.0000
19.071439,-0.04703,0.01784,0.05857,0.98450,0,0.0000
19.10904,-0.04665,0.01520,0.06734,0.98450,0,0.0000
19.131622,-0.04627,0.01245,0.07546,0.98450,0,0.0000
19.160108,-0.04582,0.00956,0.08353,0.98450,0,0.0000
19.216652,-0.04535,0.00665,0.08535,0.98450,0,0.0000
19.220763,-0.04481,0.00372,0.09167,0.98450,0,0.0000
19.250518,-0.04424,0.00081,0.09685,0.98450,0,0.0000
19.280955,-0.04373,-0.00207,0.09769,0.98450,0,0.0000
19.321494,-0.04318,-0.00486,0.10061,0.98450,0,0.0000
19.339231,-0.04263,-0.00761,0.10012,0.98450,0,0.0000
19.368692,-0.04207,-0.01019,0.09959,0.98450,0,0.0000
19.433127,-0.04153,-0.01264,0.09708,0.98402,-0.0307656005025,0.0000
19.435076,-0.04102,-0.01491,0.09176,0.98402,-0.0307656005025,0.0000
19.458432,-0.04052,-0.01688,0.08940,0.98450,0,0.0000
19.488834,-0.04004,-0.01867,0.08316,0.98450,0,0.0000
19.5335,-0.03960,-0.02008,0.07647,0.98450,0,0.0000
19.551045,-0.03912,-0.02133,0.06887,0.98450,0,0.0000
19.578147,-0.03876,-0.02224,0.06133,1.03088,-0.032230630517,0.0000
19.632099,-0.03837,-0.02287,0.05269,1.03138,0,0.0000
19.639016,-0.03803,-0.02323,0.04456,1.03138,0,0.0000
19.669594,-0.03778,-0.02330,0.03569,1.03138,0,0.0000
19.736821,-0.03760,-0.02306,0.02486,1.03138,0,0.0000
19.739158,-0.03745,-0.02248,0.01334,1.03138,0,0.0000
19.758201,-0.03732,-0.02163,0.00222,1.03138,0,0.0000
19.78662,-0.03728,-0.02054,-0.00695,1.03138,0,0.0000
19.841838,-0.03726,-0.01911,-0.01634,1.03088,0.032230630517,0.0000
19.852799,-0.03729,-0.01745,-0.03005,1.03088,0.032230630517,0.0000
19.877914,-0.03735,-0.01549,-0.04019,1.03088,0.032230630517,0.0000
19.905727,-0.03744,-0.01331,-0.05022,1.03088,0.032230630517,0.0000
19.949415,-0.03761,-0.01094,-0.05778,1.03138,0,0.0000
19.969173,-0.03782,-0.00840,-0.06710,1.03138,0,0.0000
19.994592,-0.03808,-0.00571,-0.07125,1.03138,0,0.0000
20.051636,-0.03838,-0.00295,-0.07981,1.03138,0,0.0000
20.055063,-0.03876,-0.00013,-0.08318,1.03138,0,0.0000
20.08478,-0.03915,0.00267,-0.08899,1.03138,0,0.0000
20.115219,-0.03961,0.00549,-0.09303,0.98450,0,0.0000
20.153934,-0.04012,0.00830,-0.09629,0.98450,0,0.0000
20.175238,-0.04064,0.01100,-0.09283,1.03138,0,0.0000
20.203802,-0.04121,0.01359,-0.09274,1.03138,0,0.0000
20.258101,-0.04181,0.01602,-0.09306,0.98450,0,0.0000
20.268315,-0.04242,0.01823,-0.08944,0.98450,0,0.0000
20.292667,-0.04303,0.02025,-0.08412,0.98450,0,0.0000
20.323068,-0.04365,0.02201,-0.08044,0.98450,0,0.0000
20.367698,-0.04426,0.02355,-0.07550,0.98450,0,0.0000
20.385789,-0.04485,0.02484,-0.07007,0.98450,0,0.0000
20.412655,-0.04540,0.02585,-0.06018,0.98450,0,0.0000
20.471243,-0.04592,0.02661,-0.05522,0.98450,0,0.0000
20.471781,-0.04639,0.02710,-0.04757,0.98450,0,0.0000
20.502846,-0.04678,0.02730,-0.03591,0.98450,0,0.0000
20.530671,-0.04716,0.02713,-0.02914,0.98402,-0.0307656005025,0.0000
20.574059,-0.04746,0.02670,-0.01571,0.98402,-0.0307656005025,0.0000
20.590442,-0.04771,0.02593,-0.00684,0.98450,0,0.0000
20.622806,-0.04789,0.02486,0.00134,0.98450,0,0.0000
20.676685,-0.04798,0.02354,0.01381,0.98450,0,0.0000
20.679287,-0.04798,0.02197,0.02151,0.98450,0,0.0000
20.709451,-0.04790,0.02024,0.03507,0.98450,0,0.0000
20.739026,-0.04775,0.01826,0.04265,0.98450,0,0.0000
20.779786,-0.04758,0.01610,0.05230,0.98450,0,0.0000
20.799245,-0.04728,0.01378,0.05905,0.98450,0,0.0000
20.827948,-0.04697,0.01130,0.06807,0.98450,0,0.0000
20.885546,-0.04659,0.00875,0.07412,0.98402,-0.0307656005025,0.0000
20.890901,-0.04613,0.00616,0.07830,0.98402,-0.0307656005025,0.0000
20.919744,-0.04568,0.00355,0.08238,0.98402,-0.0307656005025,0.0000
20.94905,-0.04518,0.00095,0.08679,0.98450,0,0.0000
20.994937,-0.04462,-0.00161,0.08894,0.98450,0,0.0000
21.007866,-0.04406,-0.00410,0.08736,0.98450,0,0.0000
21.038337,-0.04345,-0.00650,0.08891,0.98450,0,0.0000
21.094954,-0.04283,-0.00880,0.08910,0.98450,0,0.0000
21.098076,-0.04222,-0.01090,0.08784,0.98450,0,0.0000
21.127507,-0.04161,-0.01287,0.08167,0.98450,0,0.0000
21.156959,-0.04104,-0.01460,0.08082,0.98450,0,0.0000
21.199639,-0.04041,-0.01625,0.07260,0.98450,0,0.0000
21.217986,-0.03990,-0.01746,0.06791,0.98450,0,0.0000
21.247047,-0.03935,-0.01853,0.06050,1.03138,0,0.0000
21.304857,-0.03886,-0.01934,0.05489,1.03088,-0.032230630517,0.0000
21.310282,-0.03842,-0.01993,0.04866,1.03088,-0.032230630517,0.0000
21.335443,-0.03798,-0.02027,0.03877,1.03088,-0.032230630517,0.0000
21.369432,-0.03763,-0.02030,0.02981,1.03138,0,0.0000
21.409268,-0.03726,-0.02004,0.02146,1.03138,0,0.0000
21.425271,-0.03698,-0.01951,0.01300,1.03138,0,0.0000
21.457336,-0.03677,-0.01871,0.00162,1.03138,0,0.0000
21.518948,-0.03662,-0.01766,-0.00762,1.03138,0,0.0000
21.520364,-0.03649,-0.01641,-0.01453,1.03138,0,0.0000
21.55023,-0.03642,-0.01488,-0.02648,1.03138,0,0.0000
21.573635,-0.03641,-0.01312,-0.03536,1.03138,0,0.0000
21.616155,-0.03648,-0.01115,-0.04225,1.03138,0,0.0000
21.637083,-0.03661,-0.00906,-0.04956,1.03138,0,0.0000
21.665646,-0.03681,-0.00680,-0.05943,1.03138,0,0.0000
21.724,-0.03708,-0.00441,-0.06663,1.03138,0,0.0000
21.727467,-0.03737,-0.00193,-0.06922,1.03138,0,0.0000
21.752644,-0.03776,0.00054,-0.07261,1.03138,0,0.0000
21.785021,-0.03821,0.00309,-0.08042,0.98450,0,0.0000
21.824867,-0.03869,0.00561,-0.07968,0.98450,0,0.0000
21.8421,-0.03925,0.00807,-0.08321,1.03138,0,0.0000
21.87046,-0.03983,0.01047,-0.08225,1.03138,0,0.0000
21.929818,-0.04047,0.01273,-0.08218,0.98450,0,0.0000
21.939947,-0.04112,0.01489,-0.08097,0.98450,0,0.0000
21.961889,-0.04177,0.01687,-0.07905,0.98450,0,0.0000
21.990925,-0.04250,0.01864,-0.07552,0.98450,0,0.0000
22.033779,-0.04314,0.02020,-0.07153,0.98450,0,0.0000
22.053833,-0.04381,0.02153,-0.06592,0.98450,0,0.0000
22.081443,-0.04448,0.02264,-0.05836,0.98450,0,0.0000
22.13841,-0.04511,0.02355,-0.05420,0.98450,0,0.0000
22.142504,-0.04572,0.02417,-0.04667,0.98450,0,0.0000
22.170262,-0.04631,0.02451,-0.03950,0.98450,0,0.0000
22.199138,-0.04683,0.02461,-0.03319,0.98450,0,0.0000
22.242705,-0.04729,0.02441,-0.02306,0.98450,0,0.0000
22.261738,-0.04768,0.02392,-0.01443,0.98450,0,0.0000
22.289371,-0.04799,0.02318,-0.00426,0.98450,0,0.0000
22.347575,-0.04824,0.02218,0.00699,0.98402,-0.0307656005025,0.0000
22.351009,-0.04842,0.02097,0.01536,0.98402,-0.0307656005025,0.0000
22.378166,-0.04850,0.01952,0.02437,0.98402,-0.0307656005025,0.0000
22.410108,-0.04849,0.01787,0.03259,0.98402,-0.0307656005025,0.0000
22.453417,-0.04843,0.01609,0.03939,0.98450,0,0.0000
22.469387,-0.04831,0.01416,0.04768,0.98450,0,0.0000
22.497977,-0.04808,0.01205,0.05222,0.98402,-0.0307656005025,0.0000
22.561294,-0.04777,0.00988,0.06080,0.98450,0,0.0000
22.562596,-0.04735,0.00759,0.06763,0.98450,0,0.0000
22.58905,-0.04692,0.00528,0.06881,0.98450,0,0.0000
22.621364,-0.04641,0.00295,0.07340,0.98402,-0.0307656005025,0.0000
22.661561,-0.04586,0.00068,0.07638,0.98402,-0.0307656005025,0.0000
22.676075,-0.04527,-0.00159,0.07647,0.98450,0,0.0000
22.705114,-0.04462,-0.00379,0.07849,0.98450,0,0.0000
22.765037,-0.04399,-0.00591,0.07767,0.98450,0,0.0000
22.768975,-0.04333,-0.00789,0.07291,0.98450,0,0.0000
22.798473,-0.04266,-0.00974,0.07379,0.98450,0,0.0000
22.82409,-0.04200,-0.01144,0.07313,0.98450,0,0.0000
22.869528,-0.04138,-0.01300,0.06916,0.98450,0,0.0000
22.887937,-0.04071,-0.01429,0.06090,0.98450,0,0.0000
22.914592,-0.04002,-0.01548,0.06152,0.98450,0,0.0000
22.976327,-0.03939,-0.01637,0.05398,1.03138,0,0.0000
22.980002,-0.03876,-0.01702,0.04634,1.03138,0,0.0000
23.005625,-0.03818,-0.01745,0.03993,1.03138,0,0.0000
23.03355,-0.03771,-0.01765,0.03185,1.03138,0,0.0000
23.083587,-0.03725,-0.01761,0.02535,1.03138,0,0.0000
23.094628,-0.03690,-0.01734,0.01696,1.03138,0,0.0000
23.122705,-0.03655,-0.01679,0.01091,1.03138,0,0.0000
23.183369,-0.03627,-0.01604,-0.00152,1.03088,-0.032230630517,0.0000
23.18733,-0.03604,-0.01504,-0.00599,1.03088,-0.032230630517,0.0000
23.214583,-0.03589,-0.01382,-0.01506,1.03088,-0.032230630517,0.0000
23.240828,-0.03578,-0.01240,-0.02850,1.03138,0,0.0000
23.290499,-0.03573,-0.01080,-0.03299,1.03088,-0.032230630517,0.0000
23.301888,-0.03575,-0.00902,-0.03934,1.03088,-0.032230630517,0.0000
23.331324,-0.03585,-0.00709,-0.04783,1.03088,-0.032230630517,0.0000
23.397132,-0.03605,-0.00500,-0.05610,1.03138,0,0.0000
23.399717,-0.03631,-0.00287,-0.05857,1.03138,0,0.0000
23.420745,-0.03660,-0.00072,-0.06432,1.03138,0,0.0000
23.450488,-0.03697,0.00151,-0.06783,1.03138,0,0.0000
23.496389,-0.03742,0.00372,-0.07239,1.03138,0,0.0000
23.51211,-0.03792,0.00598,-0.07398,1.03138,0,0.0000
23.539638,-0.03851,0.00814,-0.07674,0.98450,0,0.0000
23.611986,-0.03919,0.01027,-0.07625,0.98402,-0.0307656005025,0.0000
23.617789,-0.03986,0.01228,-0.07349,0.98402,-0.0307656005025,0.0000
23.629403,-0.04060,0.01413,-0.07001,0.98402,-0.0307656005025,0.0000
23.658706,-0.04132,0.01581,-0.07074,0.98450,0,0.0000
23.705706,-0.04207,0.01731,-0.06418,0.98450,0,0.0000
23.718715,-0.04282,0.01863,-0.06094,0.98450,0,0.0000
23.751125,-0.04357,0.01975,-0.05844,0.98450,0,0.0000
23.811198,-0.04428,0.02069,-0.05401,0.98450,0,0.0000
23.814081,-0.04497,0.02141,-0.04391,0.98450,0,0.0000
23.851435,-0.04567,0.02188,-0.03695,0.98450,0,0.0000
23.869784,-0.04628,0.02213,-0.03363,0.98450,0,0.0000
23.915027,-0.04690,0.02212,-0.02366,0.98450,0,0.0000
23.926893,-0.04743,0.02187,-0.01791,0.98450,0,0.0000
23.956864,-0.04789,0.02136,-0.00793,0.98450,0,0.0000
24.018572,-0.04830,0.02062,-0.00019,0.98450,0,0.0000
24.021094,-0.04862,0.01967,0.00956,0.98450,0,0.0000
24.048082,-0.04888,0.01852,0.01686,0.98450,0,0.0000
24.076062,-0.04897,0.01717,0.02093,0.98450,0,0.0000
24.12835,-0.04901,0.01572,0.02852,0.98402,-0.0307656005025,0.0000
24.135658,-0.04895,0.01411,0.03595,0.98402,-0.0307656005025,0.0000
24.165338,-0.04887,0.01234,0.04382,0.98402,-0.0307656005025,0.0000
24.22929,-0.04863,0.01046,0.04950,0.98450,0,0.0000
24.232319,-0.04831,0.00848,0.05532,0.98450,0,0.0000
24.25574,-0.04790,0.00646,0.05856,0.98402,-0.0307656005025,0.0000
24.284484,-0.04741,0.00441,0.06143,0.98402,-0.0307656005025,0.0000
24.332232,-0.04689,0.00235,0.06878,0.98450,0,0.0000
24.344197,-0.04635,0.00032,0.06690,0.98450,0,0.0000
24.374204,-0.04574,-0.00169,0.07160,0.98402,-0.0307656005025,0.0000
24.436091,-0.04509,-0.00361,0.06912,0.98450,0,0.0000
24.438414,-0.04437,-0.00546,0.06724,0.98450,0,0.0000
24.463048,-0.04369,-0.00719,0.06638,0.98450,0,0.0000
24.49446,-0.04300,-0.00881,0.06644,0.98402,-0.0307656005025,0.0000
24.545469,-0.04229,-0.01028,0.06262,0.98450,0,0.0000
24.552858,-0.04153,-0.01155,0.06188,0.98450,0,0.0000
24.582817,-0.04077,-0.01271,0.05578,0.98450,0,0.0000
24.658818,-0.04006,-0.01363,0.04883,0.98450,0,0.0000
24.658953,-0.03935,-0.01437,0.04665,1.03088,-0.032230630517,0.0000
24.67185,-0.03870,-0.01490,0.03863,1.03088,-0.032230630517,0.0000
24.702938,-0.03807,-0.01520,0.03229,1.03088,-0.032230630517,0.0000
24.751243,-0.03751,-0.01525,0.02530,1.03138,0,0.0000
24.762793,-0.03702,-0.01509,0.01952,1.03138,0,0.0000
24.797378,-0.03655,-0.01475,0.01104,1.03138,0,0.0000
24.85288,-0.03617,-0.01424,0.00358,0.98450,0,0.0000
24.855971,-0.03582,-0.01349,-0.00357,0.98450,0,0.0000
24.880777,-0.03554,-0.01252,-0.01220,0.98450,0,0.0000
24.911991,-0.03534,-0.01138,-0.01750,0.98450,0,0.0000
24.960438,-0.03522,-0.01008,-0.02443,1.03088,0.032230630517,0.0000
24.970195,-0.03519,-0.00860,-0.03279,1.03088,0.032230630517,0.0000
25.000693,-0.03527,-0.00697,-0.03693,1.03088,0.032230630517,0.0000
25.061755,-0.03537,-0.00521,-0.04280,1.03138,0,0.0000
25.065587,-0.03554,-0.00339,-0.04973,1.03138,0,0.0000
25.088858,-0.03579,-0.00143,-0.05916,0.98450,0,0.0000
25.119008,-0.03612,0.00055,-0.05797,0.98450,0,0.0000
25.169663,-0.03655,0.00256,-0.06476,1.03138,0,0.0000
25.178524,-0.03704,0.00452,-0.06343,1.03138,0,0.0000
25.208419,-0.03762,0.00652,-0.06852,1.03138,0,0.0000
25.271059,-0.03825,0.00842,-0.06547,0.98450,0,0.0000
25.274347,-0.03891,0.01024,-0.06412,0.98450,0,0.0000
25.298431,-0.03964,0.01192,-0.06546,0.98450,0,0.0000
25.326941,-0.04041,0.01346,-0.06168,0.98450,0,0.0000
25.380127,-0.04119,0.01493,-0.06180,0.98450,0,0.0000
25.389302,-0.04194,0.01619,-0.05655,0.98450,0,0.0000
25.416876,-0.04275,0.01731,-0.05325,0.98450,0,0.0000
25.480202,-0.04349,0.01826,-0.04913,0.98402,-0.0307656005025,0.0000
25.4827,-0.04427,0.01900,-0.04269,0.98402,-0.0307656005025,0.0000
25.506681,-0.04503,0.01952,-0.03808,0.98450,0,0.0000
25.539617,-0.04577,0.01985,-0.03221,0.98450,0,0.0000
25.590325,-0.04647,0.01990,-0.02394,0.98450,0,0.0000
25.594711,-0.04711,0.01979,-0.01882,0.98450,0,0.0000
25.624923,-0.04768,0.01947,-0.01191,0.98450,0,0.0000
25.659525,-0.04816,0.01893,-0.00401,0.98450,0,0.0000
25.691014,-0.04857,0.01821,0.00292,0.98450,0,0.0000
25.715628,-0.04886,0.01729,0.00960,0.98450,0,0.0000
25.750703,-0.04913,0.01616,0.01762,0.98450,0,0.0000
25.79585,-0.04929,0.01489,0.02377,0.98450,0,0.0000
25.804153,-0.04936,0.01348,0.03225,0.98450,0,0.0000
25.833492,-0.04934,0.01196,0.03531,0.98450,0,0.0000
25.86327,-0.04925,0.01036,0.04032,0.98402,-0.0307656005025,0.0000
25.901009,-0.04904,0.00865,0.04714,0.98402,-0.0307656005025,0.0000
25.922851,-0.04871,0.00685,0.05218,0.98402,-0.0307656005025,0.0000
25.952994,-0.04831,0.00500,0.05736,0.98402,-0.0307656005025,0.0000
26.003813,-0.04786,0.00317,0.05796,0.98402,-0.0307656005025,0.0000
26.012525,-0.04732,0.00134,0.05953,0.98402,-0.0307656005025,0.0000
26.042231,-0.04670,-0.00043,0.06131,0.98450,0,0.0000
26.109336,-0.04605,-0.00218,0.06214,0.98402,-0.0307656005025,0.0000
26.112116,-0.04533,-0.00385,0.06031,0.98402,-0.0307656005025,0.0000
26.133199,-0.04462,-0.00543,0.06133,0.98402,-0.0307656005025,0.0000
26.161473,-0.04389,-0.00689,0.05935,0.98450,0,0.0000
26.211866,-0.04313,-0.00826,0.05795,0.98450,0,0.0000
26.222937,-0.04239,-0.00948,0.05331,0.98402,-0.0307656005025,0.0000
26.251685,-0.04159,-0.01059,0.05248,0.98402,-0.0307656005025,0.0000
26.315425,-0.04074,-0.01153,0.04615,0.98450,0,0.0000
26.317977,-0.03996,-0.01226,0.04221,0.98450,0,0.0000
26.341178,-0.03923,-0.01276,0.03672,0.98450,0,0.0000
26.370504,-0.03850,-0.01310,0.03460,0.98450,0,0.0000
26.424427,-0.03784,-0.01329,0.02723,1.03138,0,0.0000
26.430628,-0.03727,-0.01327,0.01942,1.03138,0,0.0000
26.458838,-0.03671,-0.01303,0.01467,1.03138,0,0.0000
26.488884,-0.03619,-0.01260,0.00713,1.03138,0,0.0000
26.531751,-0.03576,-0.01202,0.00043,1.03138,0,0.0000
26.552736,-0.03539,-0.01125,-0.00399,1.03138,0,0.0000
26.5782,-0.03509,-0.01032,-0.01236,1.03138,0,0.0000
26.632035,-0.03489,-0.00920,-0.02030,1.03138,0,0.0000
26.641403,-0.03477,-0.00791,-0.02560,1.03138,0,0.0000
26.671958,-0.03476,-0.00653,-0.03237,1.03138,0,0.0000
26.739603,-0.03477,-0.00501,-0.03912,0.98450,0,0.0000
26.741756,-0.03489,-0.00342,-0.04188,0.98450,0,0.0000
26.760891,-0.03511,-0.00174,-0.04902,1.03138,0,0.0000
26.787927,-0.03536,0.00002,-0.05117,1.03138,0,0.0000
26.838938,-0.03575,0.00180,-0.05156,0.98450,0,0.0000
26.849539,-0.03620,0.00357,-0.05579,0.98450,0,0.0000
26.875511,-0.03671,0.00534,-0.06108,1.03138,0,0.0000
26.908003,-0.03731,0.00705,-0.05954,1.03138,0,0.0000
26.945703,-0.03798,0.00871,-0.06010,0.98450,0,0.0000
26.96722,-0.03869,0.01025,-0.05679,0.98450,0,0.0000
26.997037,-0.03946,0.01173,-0.05698,0.98450,0,0.0000
27.048047,-0.04026,0.01305,-0.05254,0.98450,0,0.0000
27.056763,-0.04105,0.01420,-0.05095,0.98450,0,0.0000
27.089139,-0.04187,0.01525,-0.04874,0.98450,0,0.0000
27.119143,-0.04266,0.01617,-0.04326,0.98402,-0.0307656005025,0.0000
27.155002,-0.04347,0.01690,-0.04192,0.98402,-0.0307656005025,0.0000
27.174358,-0.04428,0.01741,-0.03642,0.98402,-0.0307656005025,0.0000
27.205231,-0.04508,0.01775,-0.02995,0.98450,0,0.0000
27.257543,-0.04585,0.01790,-0.02555,0.98450,0,0.0000
27.265121,-0.04656,0.01789,-0.01962,0.98450,0,0.0000
27.297281,-0.04724,0.01768,-0.01183,0.98450,0,0.0000
27.326623,-0.04783,0.01727,-0.00437,0.98450,0,0.0000
27.369295,-0.04836,0.01669,-0.00017,0.98450,0,0.0000
27.382955,-0.04879,0.01592,0.00855,0.98450,0,0.0000
27.412918,-0.04917,0.01497,0.01355,0.98450,0,0.0000
27.470471,-0.04942,0.01392,0.01897,0.98450,0,0.0000
27.476844,-0.04960,0.01274,0.02467,0.98450,0,0.0000
27.504234,-0.04967,0.01147,0.02845,0.98450,0,0.0000
27.531758,-0.04964,0.01010,0.03378,0.98450,0,0.0000
27.580137,-0.04955,0.00862,0.03926,0.98450,0,0.0000
27.59433,-0.04933,0.00705,0.04477,0.98450,0,0.0000
27.624799,-0.04905,0.00540,0.04567,0.98402,-0.0307656005025,0.0000
27.693122,-0.04865,0.00377,0.04937,0.98402,-0.0307656005025,0.0000
27.693925,-0.04818,0.00213,0.05311,0.98402,-0.0307656005025,0.0000
27.715634,-0.04763,0.00054,0.05468,0.98402,-0.0307656005025,0.0000
27.742279,-0.04701,-0.00101,0.05196,0.98450,0,0.0000
27.78503,-0.04634,-0.00248,0.05552,0.98402,-0.0307656005025,0.0000
27.80292,-0.04560,-0.00391,0.05348,0.98402,-0.0307656005025,0.0000
27.832297,-0.04489,-0.00524,0.05228,0.98402,-0.0307656005025,0.0000
27.884377,-0.04413,-0.00648,0.04871,0.98402,-0.0307656005025,0.0000
27.893312,-0.04333,-0.00760,0.04888,0.98402,-0.0307656005025,0.0000
27.922097,-0.04250,-0.00864,0.04681,0.98450,0,0.0000
27.950329,-0.04167,-0.00949,0.04247,0.98450,0,0.0000
27.990581,-0.04081,-0.01020,0.04009,0.98402,0.0307656005025,0.0000
28.016362,-0.03999,-0.01075,0.03418,0.98402,0.0307656005025,0.0000
28.041025,-0.03920,-0.01114,0.02994,0.98450,0,0.0000
28.095111,-0.03848,-0.01134,0.02487,1.03138,0,0.0000
28.102229,-0.03783,-0.01140,0.01921,1.03138,0,0.0000
28.135884,-0.03717,-0.01125,0.01564,1.03088,-0.032230630517,0.0000
28.160329,-0.03657,-0.01093,0.00753,1.03138,0,0.0000
28.201154,-0.03603,-0.01047,0.00093,0.98450,0,0.0000
28.219393,-0.03554,-0.00983,-0.00291,0.98450,0,0.0000
28.248622,-0.03515,-0.00904,-0.00971,0.98450,0,0.0000
28.304663,-0.03487,-0.00808,-0.01637,0.98450,0,0.0000
28.310857,-0.03466,-0.00699,-0.02193,0.98450,0,0.0000
28.339915,-0.03456,-0.00580,-0.02630,0.98450,0,0.0000
28.36681,-0.03452,-0.00452,-0.03077,0.98450,0,0.0000
28.405647,-0.03453,-0.00315,-0.03331,1.03138,0,0.0000
28.428599,-0.03461,-0.00170,-0.03745,1.03138,0,0.0000
28.45832,-0.03482,-0.00017,-0.04231,1.03138,0,0.0000
28.516762,-0.03512,0.00139,-0.04514,1.03138,0,0.0000
28.519148,-0.03548,0.00296,-0.04841,1.03138,0,0.0000
28.547131,-0.03596,0.00450,-0.05093,1.03138,0,0.0000
28.575029,-0.03652,0.00603,-0.05332,0.98450,0,0.0000
28.615662,-0.03717,0.00748,-0.05064,1.03138,0,0.0000
28.63579,-0.03789,0.00884,-0.04898,0.98450,0,0.0000
28.664118,-0.03867,0.01012,-0.04967,0.98450,0,0.0000
28.72785,-0.03946,0.01130,-0.04955,0.98450,0,0.0000
28.728903,-0.04030,0.01239,-0.04664,0.98450,0,0.0000
28.753784,-0.04114,0.01338,-0.04453,0.98450,0,0.0000
28.78714,-0.04196,0.01421,-0.04231,0.98450,0,0.0000
28.829327,-0.04281,0.01492,-0.03607,0.98450,0,0.0000
28.876705,-0.04364,0.01545,-0.03178,0.98450,0,0.0000
28.883032,-0.04449,0.01583,-0.02978,0.98450,0,0.0000
28.93126,-0.04531,0.01603,-0.02302,0.98402,-0.0307656005025,0.0000
28.93531,-0.04607,0.01605,-0.01870,0.98402,-0.0307656005025,0.0000
28.967086,-0.04679,0.01590,-0.01328,0.98402,-0.0307656005025,0.0000
28.994328,-0.04750,0.01558,-0.00539,0.98450,0,0.0000
29.040837,-0.04809,0.01513,-0.00055,0.98450,0,0.0000
29.054099,-0.04860,0.01451,0.00392,0.98450,0,0.0000
29.084834,-0.04900,0.01373,0.01172,0.98450,0,0.0000
29.140967,-0.04932,0.01286,0.01407,0.98450,0,0.0000
29.143489,-0.04954,0.01184,0.02029,0.98450,0,0.0000
29.171952,-0.04970,0.01074,0.02434,0.98450,0,0.0000
29.201434,-0.04971,0.00951,0.03070,0.98450,0,0.0000
29.24776,-0.04966,0.00821,0.03450,0.98450,0,0.0000
29.260862,-0.04952,0.00685,0.03677,0.98450,0,0.0000
29.292569,-0.04931,0.00549,0.03994,0.98402,-0.0307656005025,0.0000
29.352852,-0.04895,0.00408,0.04222,0.98402,-0.0307656005025,0.0000
29.35451,-0.04853,0.00267,0.04491,0.98402,-0.0307656005025,0.0000
29.379857,-0.04808,0.00130,0.04731,0.98402,-0.0307656005025,0.0000
29.410082,-0.04750,-0.00007,0.04759,0.98450,0,0.0000
29.449873,-0.04687,-0.00136,0.04754,0.98450,0,0.0000
29.468175,-0.04619,-0.00263,0.04744,0.98450,0,0.0000
29.49922,-0.04547,-0.00380,0.04658,0.98450,0,0.0000
29.557191,-0.04472,-0.00495,0.04576,0.98450,0,0.0000
29.5609,-0.04395,-0.00600,0.04473,0.98450,0,0.0000
29.58802,-0.04309,-0.00691,0.04059,0.98450,0,0.0000
29.61825,-0.04223,-0.00771,0.03906,0.98450,0,0.0000
29.662592,-0.04135,-0.00833,0.03433,0.98450,0,0.0000
29.677052,-0.04052,-0.00886,0.03346,0.98450,0,0.0000
29.70661,-0.03973,-0.00925,0.02757,1.03138,0,0.0000
29.783111,-0.03896,-0.00948,0.02146,0.98450,0,0.0000
29.787601,-0.03821,-0.00956,0.01903,0.98450,0,0.0000
29.799686,-0.03751,-0.00947,0.01222,0.98450,0,0.0000
29.869173,-0.03687,-0.00926,0.00781,1.03088,-0.032230630517,0.0000
29.872063,-0.03624,-0.00885,0.00506,1.03088,-0.032230630517,0.0000
29.885032,-0.03570,-0.00835,-0.00277,1.03138,0,0.0000
29.916831,-0.03521,-0.00768,-0.00821,1.03138,0,0.0000
29.973643,-0.03480,-0.00692,-0.01185,1.03088,-0.032230630517,0.0000
29.979767,-0.03454,-0.00601,-0.01838,1.03088,-0.032230630517,0.0000
30.00731,-0.03435,-0.00499,-0.02173,1.03088,-0.032230630517,0.0000
30.036032,-0.03424,-0.00388,-0.02749,1.03088,-0.032230630517,0.0000
30.078299,-0.03421,-0.00267,-0.03161,0.98450,0,0.0000
30.094884,-0.03425,-0.00141,-0.03489,0.98450,0,0.0000
30.124605,-0.03438,-0.00007,-0.03776,1.03138,0,0.0000
30.181852,-0.03464,0.00131,-0.04081,1.03138,0,0.0000
30.189802,-0.03499,0.00267,-0.04089,1.03138,0,0.0000
30.213632,-0.03541,0.00405,-0.04175,1.03138,0,0.0000
30.24288,-0.03592,0.00540,-0.04333,0.98450,0,0.0000
30.286829,-0.03652,0.00665,-0.04635,0.98450,0,0.0000
30.303478,-0.03718,0.00787,-0.04646,0.98450,0,0.0000
30.333441,-0.03784,0.00901,-0.04276,0.98450,0,0.0000
30.389639,-0.03860,0.01008,-0.04553,0.98450,0,0.0000
30.394048,-0.03944,0.01108,-0.04029,0.98450,0,0.0000
30.422349,-0.04030,0.01194,-0.03897,0.98450,0,0.0000
30.453286,-0.04114,0.01269,-0.03792,0.98450,0,0.0000
30.497222,-0.04202,0.01332,-0.03370,0.98450,0,0.0000
30.517616,-0.04289,0.01383,-0.02941,0.98450,0,0.0000
30.541219,-0.04376,0.01418,-0.02444,0.98450,0,0.0000
30.599405,-0.04460,0.01437,-0.02249,0.98450,0,0.0000
30.602451,-0.04545,0.01440,-0.01552,0.98450,0,0.0000
30.630039,-0.04624,0.01430,-0.01007,0.98450,0,0.0000
30.664159,-0.04700,0.01406,-0.00911,0.98402,-0.0307656005025,0.0000
30.706016,-0.04765,0.01371,-0.00604,0.98402,-0.0307656005025,0.0000
30.722764,-0.04823,0.01320,0.00340,0.98402,-0.0307656005025,0.0000
30.749579,-0.04872,0.01256,0.00718,0.98402,-0.0307656005025,0.0000
30.811218,-0.04909,0.01180,0.01214,0.98450,0,0.0000
30.812457,-0.04940,0.01093,0.01271,0.98450,0,0.0000
30.842791,-0.04959,0.00996,0.02083,0.98402,-0.0307656005025,0.0000
30.867902,-0.04972,0.00893,0.02563,0.98402,-0.0307656005025,0.0000
30.91599,-0.04976,0.00785,0.02738,0.98450,0,0.0000
30.929108,-0.04970,0.00668,0.03262,0.98450,0,0.0000
30.960799,-0.04953,0.00547,0.03575,0.98450,0,0.0000
31.01688,-0.04925,0.00423,0.03900,0.98450,0,0.0000
31.019863,-0.04889,0.00301,0.03713,0.98450,0,0.0000
31.047226,-0.04848,0.00183,0.03764,0.98450,0,0.0000
31.076681,-0.04798,0.00066,0.04401,0.98402,-0.0307656005025,0.0000
31.121878,-0.04739,-0.00050,0.04102,0.98402,-0.0307656005025,0.0000
31.139678,-0.04676,-0.00162,0.04113,0.98402,-0.0307656005025,0.0000
31.167699,-0.04609,-0.00269,0.04032,0.98450,0,0.0000
31.224906,-0.04536,-0.00369,0.03931,0.98402,-0.0307656005025,0.0000
31.229084,-0.04456,-0.00461,0.03855,0.98402,-0.0307656005025,0.0000
31.25968,-0.04372,-0.00543,0.03642,0.98450,0,0.0000
31.287776,-0.04286,-0.00611,0.03361,0.98450,0,0.0000
31.330525,-0.04200,-0.00670,0.03261,0.98450,0,0.0000
31.344822,-0.04114,-0.00720,0.02931,0.98450,0,0.0000
31.378642,-0.04029,-0.00758,0.02432,0.98450,0,0.0000
31.437216,-0.03947,-0.00779,0.02099,1.03088,-0.032230630517,0.0000
31.439193,-0.03870,-0.00791,0.01723,1.03088,-0.032230630517,0.0000
31.464381,-0.03791,-0.00783,0.01219,1.03088,-0.032230630517,0.0000
31.497089,-0.03719,-0.00764,0.00726,0.98450,0,0.0000
31.538704,-0.03657,-0.00734,0.00023,0.98450,0,0.0000
31.557248,-0.03597,-0.00689,0.00059,0.98450,0,0.0000
31.585487,-0.03544,-0.00635,-0.00489,0.98450,0,0.0000
31.650933,-0.03500,-0.00569,-0.01224,0.98450,0,0.0000
31.654674,-0.03464,-0.00487,-0.01663,0.98450,0,0.0000
31.672479,-0.03440,-0.00400,-0.01872,0.98450,0,0.0000
31.702836,-0.03423,-0.00302,-0.02169,0.98450,0,0.0000
31.752293,-0.03415,-0.00199,-0.02648,0.98450,0,0.0000
31.764409,-0.03414,-0.00091,-0.02713,0.98450,0,0.0000
31.792125,-0.03421,0.00022,-0.03297,0.98450,0,0.0000
31.857456,-0.03435,0.00139,-0.03663,0.98402,0.0307656005025,0.0000
31.85886,-0.03460,0.00253,-0.03580,0.98402,0.0307656005025,0.0000
31.887589,-0.03499,0.00369,-0.03932,0.98402,0.0307656005025,0.0000
31.911866,-0.03549,0.00483,-0.03676,0.98402,0.0307656005025,0.0000
31.955855,-0.03604,0.00595,-0.03888,0.98450,0,0.0000
31.972041,-0.03665,0.00701,-0.03727,0.98450,0,0.0000
32.000959,-0.03733,0.00801,-0.03741,0.98450,0,0.0000
32.061501,-0.03808,0.00891,-0.03540,0.98450,0,0.0000
32.065065,-0.03886,0.00981,-0.03365,0.98450,0,0.0000
32.090634,-0.03970,0.01059,-0.03456,0.98450,0,0.0000
32.120362,-0.04061,0.01126,-0.03360,0.98450,0,0.0000
32.16558,-0.04150,0.01181,-0.02874,0.98450,0,0.0000
32.180566,-0.04239,0.01227,-0.02275,0.98450,0,0.0000
32.209138,-0.04324,0.01258,-0.02277,0.98450,0,0.0000
32.272788,-0.04412,0.01274,-0.01530,0.98450,0,0.0000
32.276981,-0.04496,0.01277,-0.01631,0.98450,0,0.0000
32.299512,-0.04576,0.01268,-0.01210,0.98450,0,0.0000
32.328885,-0.04648,0.01248,-0.00366,0.98450,0,0.0000
32.380069,-0.04718,0.01214,-0.00207,0.98450,0,0.0000
32.388866,-0.04780,0.01172,0.00255,0.98450,0,0.0000
32.417728,-0.04833,0.01118,0.00651,0.98450,0,0.0000
32.478527,-0.04879,0.01054,0.00900,0.98450,0,0.0000
32.482042,-0.04911,0.00981,0.01508,0.98450,0,0.0000
32.508322,-0.04937,0.00898,0.01975,0.98450,0,0.0000
32.537193,-0.04955,0.00806,0.02206,0.98450,0,0.0000
32.583967,-0.04964,0.00714,0.02379,0.98450,0,0.0000
32.597403,-0.04965,0.00619,0.02746,0.98450,0,0.0000
32.626573,-0.04957,0.00513,0.02893,0.98450,0,0.0000
32.688352,-0.04939,0.00409,0.03232,0.98450,0,0.0000
32.69182,-0.04906,0.00304,0.03166,0.98450,0,0.0000
32.716909,-0.04865,0.00198,0.03411,0.98450,0,0.0000
32.746111,-0.04818,0.00094,0.03677,0.98450,0,0.0000
32.801205,-0.04765,-0.00009,0.03897,0.98402,-0.0307656005025,0.0000
32.806245,-0.04708,-0.00108,0.03746,0.98402,-0.0307656005025,0.0000
32.835846,-0.04642,-0.00199,0.03455,0.98450,0,0.0000
32.903529,-0.04569,-0.00283,0.03416,0.98402,-0.0307656005025,0.0000
32.905019,-0.04491,-0.00360,0.03173,0.98402,-0.0307656005025,0.0000
32.925558,-0.04409,-0.00425,0.03098,0.98402,-0.0307656005025,0.0000
32.955059,-0.04323,-0.00487,0.03015,0.98450,0,0.0000
33.000016,-0.04238,-0.00538,0.02849,0.98402,-0.0307656005025,0.0000
33.013699,-0.04154,-0.00580,0.02400,0.98402,-0.0307656005025,0.0000
33.044361,-0.04067,-0.00611,0.02239,0.98402,-0.0307656005025,0.0000
33.106038,-0.03983,-0.00633,0.01794,0.98450,0,0.0000
33.11246,-0.03904,-0.00642,0.01542,0.98450,0,0.0000
33.135401,-0.03821,-0.00641,0.00881,1.03088,-0.032230630517,0.0000
33.163489,-0.03748,-0.00626,0.00667,1.03088,-0.032230630517,0.0000
33.210264,-0.03679,-0.00600,0.00097,1.03138,0,0.0000
33.222242,-0.03617,-0.00562,0.00057,1.03138,0,0.0000
33.251752,-0.03562,-0.00514,-0.00381,1.03138,0,0.0000
33.318055,-0.03479,-0.00390,-0.00877,0.98450,0,0.0000
33.341234,-0.03446,-0.00313,-0.01125,0.98450,0,0.0000
33.370584,-0.03423,-0.00228,-0.01798,1.03138,0,0.0000
33.42044,-0.03412,-0.00139,-0.02025,1.03138,0,0.0000
33.430825,-0.03406,-0.00046,-0.01949,1.03138,0,0.0000
33.461975,-0.03410,0.00048,-0.02530,1.03138,0,0.0000
33.521477,-0.03422,0.00148,-0.02677,0.98402,0.0307656005025,0.0000
33.524421,-0.03447,0.00250,-0.02868,0.98402,0.0307656005025,0.0000
33.553427,-0.03485,0.00353,-0.03413,0.98450,0,0.0000
33.581495,-0.03526,0.00453,-0.03100,0.98450,0,0.0000
33.629158,-0.03573,0.00550,-0.03350,0.98450,0,0.0000
33.638764,-0.03628,0.00644,-0.03325,0.98450,0,0.0000
33.674163,-0.03693,0.00731,-0.03259,0.98450,0,0.0000
33.730466,-0.03764,0.00810,-0.03248,0.98450,0,0.0000
33.73322,-0.03838,0.00885,-0.03302,0.98450,0,0.0000
33.759233,-0.03916,0.00954,-0.03120,0.98450,0,0.0000
33.788787,-0.04001,0.01010,-0.02897,0.98450,0,0.0000
33.842634,-0.04093,0.01060,-0.02937,0.98450,0,0.0000
33.88067,-0.04178,0.01099,-0.02490,0.98450,0,0.0000
33.884035,-0.04265,0.01125,-0.02474,0.98450,0,0.0000
33.947001,-0.04351,0.01135,-0.01850,0.98450,0,0.0000
33.948951,-0.04437,0.01139,-0.01427,0.98450,0,0.0000
33.968047,-0.04518,0.01133,-0.01164,0.98450,0,0.0000
33.997977,-0.04596,0.01116,-0.00906,0.98450,0,0.0000
34.047754,-0.04669,0.01092,-0.00662,0.98450,0,0.0000
34.058859,-0.04735,0.01055,-0.00356,0.98450,0,0.0000
34.087635,-0.04791,0.01009,0.00000,0.98450,0,0.0000
34.15115,-0.04837,0.00954,0.00450,0.98450,0,0.0000
34.154241,-0.04874,0.00894,0.00912,0.98450,0,0.0000
34.17716,-0.04906,0.00825,0.00936,0.98450,0,0.0000
34.20664,-0.04928,0.00753,0.01514,0.98450,0,0.0000
34.255935,-0.04947,0.00675,0.01807,0.98450,0,0.0000
34.265303,-0.04954,0.00588,0.02064,0.98450,0,0.0000
34.300794,-0.04948,0.00499,0.02510,0.98450,0,0.0000
34.362157,-0.04932,0.00409,0.02413,0.98450,0,0.0000
34.366113,-0.04907,0.00317,0.02893,0.98450,0,0.0000
34.384446,-0.04876,0.00226,0.02681,0.98450,0,0.0000
34.413834,-0.04832,0.00140,0.03007,0.98450,0,0.0000
34.463298,-0.04785,0.00053,0.02970,0.98450,0,0.0000
34.475084,-0.04730,-0.00034,0.03282,0.98450,0,0.0000
34.503938,-0.04666,-0.00113,0.03154,0.98450,0,0.0000
34.566664,-0.04602,-0.00183,0.02797,0.98402,-0.0307656005025,0.0000
34.572667,-0.04530,-0.00252,0.02663,0.98402,-0.0307656005025,0.0000
34.593243,-0.04454,-0.00314,0.02884,0.98402,-0.0307656005025,0.0000
34.623108,-0.04375,-0.00366,0.02887,0.98450,0,0.0000
34.675086,-0.04292,-0.00407,0.02690,0.98450,0,0.0000
34.685341,-0.04209,-0.00442,0.02458,0.98450,0,0.0000
34.712668,-0.04124,-0.00469,0.02365,0.98450,0,0.0000
34.776026,-0.04040,-0.00491,0.01532,0.98450,0,0.0000
34.779967,-0.03958,-0.00496,0.01772,0.98450,0,0.0000
34.804349,-0.03875,-0.00493,0.01260,0.98450,0,0.0000
34.830394,-0.03800,-0.00485,0.00886,0.98450,0,0.0000
34.882244,-0.03734,-0.00462,0.00721,1.03138,0,0.0000
34.89028,-0.03668,-0.00430,0.00234,1.03138,0,0.0000
34.920054,-0.03607,-0.00386,-0.00256,1.03138,0,0.0000
34.994688,-0.03555,-0.00334,-0.00531,1.03088,-0.032230630517,0.0000
35.000963,-0.03511,-0.00276,-0.00840,1.03088,-0.032230630517,0.0000
35.013121,-0.03474,-0.00214,-0.01262,1.03088,-0.032230630517,0.0000
35.041545,-0.03447,-0.00145,-0.01441,1.03138,0,0.0000
35.091389,-0.03428,-0.00068,-0.01716,1.03138,0,0.0000
35.105807,-0.03419,0.00011,-0.01909,0.98450,0,0.0000
35.131687,-0.03420,0.00091,-0.01935,0.98450,0,0.0000
35.161189,-0.03431,0.00175,-0.02189,0.98450,0,0.0000
35.196442,-0.03456,0.00260,-0.02155,0.98450,0,0.0000
35.218942,-0.03484,0.00345,-0.02418,0.98450,0,0.0000
35.248529,-0.03522,0.00430,-0.02735,0.98450,0,0.0000
35.300574,-0.03568,0.00511,-0.02570,0.98450,0,0.0000
35.308435,-0.03623,0.00589,-0.02597,0.98450,0,0.0000
35.338641,-0.03681,0.00666,-0.02774,0.98450,0,0.0000
35.367301,-0.03750,0.00737,-0.02774,0.98450,0,0.0000
35.412645,-0.03824,0.00800,-0.02734,0.98450,0,0.0000
35.426347,-0.03900,0.00859,-0.02618,0.98450,0,0.0000
35.456582,-0.03982,0.00906,-0.02561,0.98402,-0.0307656005025,0.0000
35.510726,-0.04067,0.00949,-0.02622,0.98402,-0.0307656005025,0.0000
35.518003,-0.04152,0.00981,-0.02147,0.98450,0,0.0000
35.546253,-0.04239,0.01001,-0.01641,0.98450,0,0.0000
35.576549,-0.04325,0.01013,-0.01432,0.98450,0,0.0000
35.614337,-0.04408,0.01015,-0.01503,0.98450,0,0.0000
35.638087,-0.04489,0.01009,-0.01232,0.98450,0,0.0000
35.668147,-0.04566,0.00995,-0.00928,0.98450,0,0.0000
35.724658,-0.04640,0.00970,-0.00381,0.98450,0,0.0000
35.72702,-0.04704,0.00938,-0.00085,0.98450,0,0.0000
35.755654,-0.04763,0.00899,0.00321,0.98402,-0.0307656005025,0.0000
35.824508,-0.04811,0.00852,0.00452,0.98450,0,0.0000
35.835085,-0.04853,0.00796,0.00992,0.98450,0,0.0000
35.850321,-0.04886,0.00735,0.00988,0.98450,0,0.0000
35.872278,-0.04912,0.00672,0.01236,0.98450,0,0.0000
35.927068,-0.04934,0.00600,0.01451,0.98450,0,0.0000
35.940324,-0.04944,0.00530,0.01772,0.98402,-0.0307656005025,0.0000
35.967297,-0.04948,0.00454,0.01923,0.98402,-0.0307656005025,0.0000
36.00679,-0.04937,0.00383,0.02190,0.98450,0,0.0000
36.033283,-0.04916,0.00307,0.02232,0.98450,0,0.0000
36.053348,-0.04888,0.00236,0.02260,0.98450,0,0.0000
36.082271,-0.04848,0.00162,0.02455,0.98402,-0.0307656005025,0.0000
36.136593,-0.04802,0.00092,0.02632,0.98450,0,0.0000
36.142314,-0.04753,0.00026,0.02631,0.98450,0,0.0000
36.176911,-0.04696,-0.00042,0.02609,0.98450,0,0.0000
36.202219,-0.04634,-0.00103,0.02495,0.98450,0,0.0000
36.24033,-0.04563,-0.00159,0.02192,0.98402,-0.0307656005025,0.0000
36.260884,-0.04487,-0.00211,0.02445,0.98402,-0.0307656005025,0.0000
36.29126,-0.04407,-0.00255,0.02495,0.98402,-0.0307656005025,0.0000
36.34506,-0.04327,-0.00292,0.02204,0.98450,0,0.0000
36.356538,-0.04246,-0.00318,0.01929,0.98450,0,0.0000
36.381577,-0.04164,-0.00341,0.01873,1.03088,-0.032230630517,0.0000
36.409292,-0.04077,-0.00355,0.01532,1.03088,-0.032230630517,0.0000
36.449049,-0.03996,-0.00363,0.01391,0.98450,0,0.0000
36.470242,-0.03914,-0.00363,0.01029,0.98450,0,0.0000
36.498449,-0.03838,-0.00356,0.00646,0.98450,0,0.0000
36.553905,-0.03770,-0.00337,0.00439,0.98450,0,0.0000
36.557038,-0.03703,-0.00310,0.00154,0.98450,0,0.0000
36.588693,-0.03645,-0.00273,-0.00053,0.98450,0,0.0000
36.619804,-0.03591,-0.00231,-0.00375,0.98450,0,0.0000
