rospy.get_time,x1,x2,x3,closestValue,bestX,msg.x,msg.y,msg.z,msg.range,msg.velocity,msg.bearing,msg.intensity
1648226234.7414987,0.9879499054,2.1010483551,2.595597229,0.9879499054,0.9879499054,0.9191930890083313,-0.8702269792556763,0.0,1.265784740447998,0.0,-43.43253707885742,30.0
1648226234.7760205,0.9886165619,2.0998719788,2.5953961945,0.9886165619,0.9886165619,0.9191930890083313,-0.8702269792556763,0.0,1.265784740447998,0.0,-43.43253707885742,30.0
1648226234.8751857,0.9880212402,2.1005425262,2.595599823,0.9880212402,0.9880212402,0.03963707759976387,0.08497165888547897,0.0,0.09376183152198792,0.0,64.9921646118164,30.100000381469727
1648226234.910017,0.9879135895,2.0990963745,2.5956958008,0.9879135895,0.9879135895,0.03963707759976387,0.08497165888547897,0.0,0.09376183152198792,0.0,64.9921646118164,30.100000381469727
1648226234.9754968,0.9883558655,2.0997889709,2.5956231689,0.9883558655,0.9883558655,0.9191930890083313,-0.8702269792556763,0.0,1.265784740447998,0.0,-43.43253707885742,31.600000381469727
1648226235.0084085,0.987663269,2.099779892,2.5958125305,0.987663269,0.987663269,0.03963707759976387,0.08497165888547897,0.0,0.09376183152198792,0.0,64.9921646118164,23.200000762939453
1648226235.0752842,0.9880484772,2.0998979187,2.5956906128,0.9880484772,0.9880484772,0.03963707759976387,0.08497165888547897,0.0,0.09376183152198792,0.0,64.9921646118164,33.0
1648226235.1084776,0.9878746796,2.0993998718,2.5960848999,0.9878746796,0.9878746796,0.9191930890083313,-0.8702269792556763,0.0,1.265784740447998,0.0,-43.43253707885742,32.599998474121094
1648226235.1755886,0.9879252625,2.0996177673,2.5960848999,0.9879252625,0.9879252625,1.0313801765441895,-0.0,0.0,1.0313801765441895,0.0,-0.0,32.29999923706055
1648226235.209095,0.9881535339,2.1005062103,2.5958280945,0.9881535339,0.9881535339,1.0313801765441895,-0.0,0.0,1.0313801765441895,0.0,-0.0,32.29999923706055
1648226235.276604,0.9878733826,2.0999627686,2.5958164215,0.9878733826,0.9878733826,0.03963707759976387,0.08497165888547897,0.0,0.09376183152198792,0.0,64.9921646118164,31.700000762939453
1648226235.308775,0.9882300568,2.0995386505,2.5957411957,0.9882300568,0.9882300568,0.6468395590782166,0.6123819947242737,0.0,0.8907374143600464,0.13408948481082916,43.43254089355469,32.20000076293945
1648226235.3769023,0.9879213715,2.0992818451,2.5954856873,0.9879213715,0.9879213715,0.03963707759976387,0.08497165888547897,0.0,0.09376183152198792,0.0,64.9921646118164,33.0
1648226235.4098606,0.9878409576,2.099328537,2.5957152557,0.9878409576,0.9878409576,0.03963707759976387,0.08497165888547897,0.0,0.09376183152198792,0.0,64.9921646118164,32.599998474121094
1648226235.4751492,0.9877436829,2.1000341034,2.5957930756,0.9877436829,0.9877436829,0.03963707759976387,0.08497165888547897,0.0,0.09376183152198792,0.0,64.9921646118164,23.600000381469727
1648226235.5085568,0.988121109,2.0991015625,2.5952509308,0.988121109,0.988121109,0.03963707759976387,0.08497165888547897,0.0,0.09376183152198792,0.0,64.9921646118164,23.600000381469727
1648226235.5751054,0.98768013,2.0995464325,2.5963806152,0.98768013,0.98768013,0.03963707759976387,0.08497165888547897,0.0,0.09376183152198792,0.0,64.9921646118164,33.400001525878906
1648226235.6102192,0.9879602814,2.0995269775,2.5960122681,0.9879602814,0.9879602814,0.9191930890083313,-0.8702269792556763,0.0,1.265784740447998,0.0,-43.43253707885742,33.400001525878906
1648226235.6770883,0.987661972,2.0994517517,2.5949785614,0.987661972,0.987661972,0.03963707759976387,0.08497165888547897,0.0,0.09376183152198792,0.0,64.9921646118164,33.099998474121094
1648226235.7083502,0.9879421234,2.1007993317,2.5962171936,0.9879421234,0.9879421234,0.9191930890083313,-0.8702269792556763,0.0,1.265784740447998,0.0,-43.43253707885742,33.599998474121094
1648226235.7751517,0.9885322571,2.1006177521,2.5956698608,0.9885322571,0.9885322571,0.03963707759976387,0.08497165888547897,0.0,0.09376183152198792,0.0,64.9921646118164,33.400001525878906
1648226235.8087626,0.988554306,2.1006060791,2.5960732269,0.988554306,0.988554306,0.03963707759976387,0.08497165888547897,0.0,0.09376183152198792,0.0,64.9921646118164,33.400001525878906
1648226235.876033,0.9882495117,2.1001508331,2.5955181122,0.9882495117,0.9882495117,0.03963707759976387,0.08497165888547897,0.0,0.09376183152198792,0.0,64.9921646118164,27.700000762939453
1648226235.9087322,0.9875841522,2.1000678253,2.5957852936,0.9875841522,0.9875841522,0.03963707759976387,0.08497165888547897,0.0,0.09376183152198792,0.0,64.9921646118164,33.0
1648226235.9806154,0.9877709198,2.0990107727,2.5958047485,0.9877709198,0.9877709198,0.03963707759976387,0.08497165888547897,0.0,0.09376183152198792,0.0,64.9921646118164,33.29999923706055
1648226236.011783,0.9876438141,2.1000989532,2.5954662323,0.9876438141,0.9876438141,0.03963707759976387,0.08497165888547897,0.0,0.09376183152198792,0.0,64.9921646118164,33.29999923706055
1648226236.0753162,0.9880121613,2.100189743,2.5958475494,0.9880121613,0.9880121613,0.03963707759976387,0.08497165888547897,0.0,0.09376183152198792,0.0,64.9921646118164,33.70000076293945
1648226236.108331,0.988104248,2.0986229706,2.595144577,0.988104248,0.988104248,0.03963707759976387,0.08497165888547897,0.0,0.09376183152198792,0.0,64.9921646118164,33.70000076293945
1648226236.17487,0.9870588684,2.0992403412,2.5948060608,0.9870588684,0.9870588684,0.9191930890083313,-0.8702269792556763,0.0,1.265784740447998,0.0,-43.43253707885742,32.900001525878906
1648226236.208418,0.9879745483,2.0987293243,2.595617981,0.9879745483,0.9879745483,0.9191930890083313,-0.8702269792556763,0.0,1.265784740447998,0.0,-43.43253707885742,23.700000762939453
1648226236.2885816,0.9886126709,2.0999121857,2.5957373047,0.9886126709,0.9886126709,0.9191930890083313,-0.8702269792556763,0.0,1.265784740447998,0.0,-43.43253707885742,23.399999618530273
1648226236.3180735,0.9874946594,2.100210495,2.5956361389,0.9874946594,0.9874946594,0.03963707759976387,0.08497165888547897,0.0,0.09376183152198792,0.0,64.9921646118164,23.200000762939453
1648226236.3749323,0.9881509399,2.1000120544,2.5954480743,0.9881509399,0.9881509399,0.03963707759976387,0.08497165888547897,0.0,0.09376183152198792,0.0,64.9921646118164,32.70000076293945
1648226236.4082327,0.9882313538,2.1009303284,2.595607605,0.9882313538,0.9882313538,0.03963707759976387,0.08497165888547897,0.0,0.09376183152198792,0.0,64.9921646118164,32.70000076293945
1648226236.4816537,0.9872054291,2.1012001038,2.596049881,0.9872054291,0.9872054291,0.03963707759976387,0.08497165888547897,0.0,0.09376183152198792,0.0,64.9921646118164,32.79999923706055
1648226236.5135326,0.9871224213,2.0993479919,2.5959707642,0.9871224213,0.9871224213,0.03963707759976387,0.08497165888547897,0.0,0.09376183152198792,0.0,64.9921646118164,32.5
1648226236.5752845,0.9873857117,2.1009134674,2.5962574005,0.9873857117,0.9873857117,0.03963707759976387,0.08497165888547897,0.0,0.09376183152198792,0.0,64.9921646118164,32.20000076293945
1648226236.608751,0.9870848083,2.0985269928,2.5956439209,0.9870848083,0.9870848083,0.03963707759976387,0.08497165888547897,0.0,0.09376183152198792,0.0,64.9921646118164,30.899999618530273
1648226236.6757379,0.9874557495,2.1010185242,2.5959085083,0.9874557495,0.9874557495,0.03963707759976387,0.08497165888547897,0.0,0.09376183152198792,0.0,64.9921646118164,32.70000076293945
1648226236.7081845,0.9879174805,2.0988330841,2.5945272064,0.9879174805,0.9879174805,0.03963707759976387,0.08497165888547897,0.0,0.09376183152198792,0.0,64.9921646118164,32.70000076293945
1648226236.7752497,0.9885128021,2.0984751129,2.5947412109,0.9885128021,0.9885128021,0.03963707759976387,0.08497165888547897,0.0,0.09376183152198792,0.0,64.9921646118164,31.399999618530273
1648226236.8089788,0.9879213715,2.0992870331,2.5950732422,0.9879213715,0.9879213715,0.9191930890083313,-0.8702269792556763,0.0,1.265784740447998,0.0,-43.43253707885742,32.400001525878906
1648226236.8795333,0.9877527618,2.0987915802,2.5955129242,0.9877527618,0.9877527618,0.03963707759976387,0.08497165888547897,0.0,0.09376183152198792,0.0,64.9921646118164,23.399999618530273
1648226236.919457,0.9878124237,2.0994595337,2.5949915314,0.9878124237,0.9878124237,0.03963707759976387,0.08497165888547897,0.0,0.09376183152198792,0.0,64.9921646118164,33.70000076293945
1648226236.975159,0.9876490021,2.0990496826,2.5952561188,0.9876490021,0.9876490021,0.5867068767547607,0.6065218448638916,0.0,0.8438564538955688,-0.13408948481082916,45.95137405395508,32.599998474121094
1648226237.0085304,0.9877112579,2.0994958496,2.5953559875,0.9877112579,0.9877112579,0.5867068767547607,0.6065218448638916,0.0,0.8438564538955688,-0.13408948481082916,45.95137405395508,32.599998474121094
1648226237.0755725,0.9877540588,2.0999575806,2.595177002,0.9877540588,0.9877540588,0.03963707759976387,0.08497165888547897,0.0,0.09376183152198792,0.0,64.9921646118164,33.0
1648226237.1089456,0.9876515961,2.0995204926,2.5955284882,0.9876515961,0.9876515961,0.03963707759976387,0.08497165888547897,0.0,0.09376183152198792,0.0,64.9921646118164,33.400001525878906
1648226237.1781883,0.9877851868,2.1002714539,2.5950408173,0.9877851868,0.9877851868,0.03963707759976387,0.08497165888547897,0.0,0.09376183152198792,0.0,64.9921646118164,33.20000076293945
1648226237.2130077,0.9875063324,2.0998927307,2.5961380768,0.9875063324,0.9875063324,0.03963707759976387,0.08497165888547897,0.0,0.09376183152198792,0.0,64.9921646118164,32.29999923706055
1648226237.278062,0.9876178741,2.0998875427,2.5957891846,0.9876178741,0.9876178741,0.5581585168838501,0.632892370223999,0.0,0.8438564538955688,0.13408948481082916,48.59038162231445,32.5
1648226237.3098867,0.9877488708,2.0994037628,2.5958799744,0.9877488708,0.9877488708,0.5581585168838501,0.632892370223999,0.0,0.8438564538955688,0.13408948481082916,48.59038162231445,32.5
1648226237.3771088,0.9876126862,2.0995373535,2.5955635071,0.9876126862,0.9876126862,0.03963707759976387,0.08497165888547897,0.0,0.09376183152198792,0.0,64.9921646118164,26.799999237060547
1648226237.4089775,0.9872650909,2.1000444794,2.5953495026,0.9872650909,0.9872650909,0.03963707759976387,0.08497165888547897,0.0,0.09376183152198792,0.0,64.9921646118164,32.70000076293945
1648226237.4757056,0.9873468018,2.0998188019,2.5959149933,0.9873468018,0.9873468018,0.03963707759976387,0.08497165888547897,0.0,0.09376183152198792,0.0,64.9921646118164,33.5
1648226237.5097477,0.9882300568,2.0994789886,2.5958527374,0.9882300568,0.9882300568,0.5581585168838501,0.632892370223999,0.0,0.8438564538955688,-0.13408948481082916,48.59038162231445,33.0
1648226237.5756502,0.9878461456,2.0999770355,2.5952236938,0.9878461456,0.9878461456,0.9191930890083313,-0.8702269792556763,0.0,1.265784740447998,0.0,-43.43253707885742,39.5
1648226237.6098373,0.9875621033,2.1003012848,2.5950161743,0.9875621033,0.9875621033,0.9191930890083313,-0.8702269792556763,0.0,1.265784740447998,0.0,-43.43253707885742,39.5
1648226237.6777165,0.9884064484,2.0994297028,2.5959707642,0.9884064484,0.9884064484,0.2773357033729553,0.7471646070480347,0.0,0.7969755530357361,0.4022684693336487,69.63587188720703,28.899999618530273
1648226237.7091482,0.9883610535,2.1000276184,2.5956685638,0.9883610535,0.9883610535,0.4277658462524414,0.6724480986595154,0.0,0.7969755530357361,0.5363579392433167,57.53824996948242,27.0
1648226237.777338,0.9879356384,2.1001443481,2.5962171936,0.9879356384,0.9879356384,0.45292842388153076,0.7120038866996765,0.0,0.8438564538955688,0.5363579392433167,57.53825759887695,31.0
1648226237.8117704,0.9880912781,2.1000782013,2.5959668732,0.9880912781,0.9880912781,0.45292842388153076,0.7120038866996765,0.0,0.8438564538955688,0.6704474091529846,57.53825759887695,36.20000076293945
1648226237.877647,0.9883882904,2.1000561523,2.5958449554,0.9883882904,0.9883882904,0.5560145974159241,0.6958885788917542,0.0,0.8907374143600464,0.6704474091529846,51.37516784667969,35.099998474121094
1648226237.9089851,0.9881613159,2.1003051758,2.5956361389,0.9881613159,0.9881613159,0.5560145974159241,0.6958885788917542,0.0,0.8907374143600464,0.6704474091529846,51.37516784667969,35.099998474121094
1648226237.9768927,0.9878072357,2.1004647064,2.5960057831,0.9878072357,0.9878072357,0.5852784514427185,0.7325143218040466,0.0,0.9376183152198792,0.5363579392433167,51.37516784667969,35.79999923706055
1648226238.008982,0.988118515,2.1004673004,2.5961847687,0.988118515,0.988118515,0.03963707759976387,0.08497165888547897,0.0,0.09376183152198792,0.0,64.9921646118164,41.900001525878906
1648226238.075722,0.9882767487,2.1001663971,2.5957139587,0.9882767487,0.9882767487,0.9191930890083313,-0.8702269792556763,0.0,1.265784740447998,0.0,-43.43253707885742,34.0
1648226238.1096172,0.9874829865,2.100189743,2.5954065704,0.9874829865,0.9874829865,0.9191930890083313,-0.8702269792556763,0.0,1.265784740447998,0.0,-43.43253707885742,23.399999618530273
1648226238.1775072,0.9870005035,2.1002844238,2.5961056519,0.9870005035,0.9870005035,0.03963707759976387,0.08497165888547897,0.0,0.09376183152198792,0.0,64.9921646118164,23.700000762939453
1648226238.2088895,0.9880899811,2.1001222992,2.5959629822,0.9880899811,0.9880899811,0.03963707759976387,0.08497165888547897,0.0,0.09376183152198792,0.0,64.9921646118164,23.700000762939453
1648226238.2766302,0.9878072357,2.100215683,2.5952172089,0.9878072357,0.9878072357,0.03963707759976387,0.08497165888547897,0.0,0.09376183152198792,0.0,64.9921646118164,24.200000762939453
1648226238.308944,0.9878928375,2.1002662659,2.5960732269,0.9878928375,0.9878928375,0.03963707759976387,0.08497165888547897,0.0,0.09376183152198792,0.0,64.9921646118164,33.20000076293945
1648226238.375644,0.9883299255,2.1008032227,2.5961393738,0.9883299255,0.9883299255,0.03963707759976387,0.08497165888547897,0.0,0.09376183152198792,0.0,64.9921646118164,33.5
1648226238.41046,0.9884155273,2.1002922058,2.596036911,0.9884155273,0.9884155273,0.03963707759976387,0.08497165888547897,0.0,0.09376183152198792,0.0,64.9921646118164,23.0
1648226238.4767628,0.9885296631,2.099764328,2.5957502747,0.9885296631,0.9885296631,0.03963707759976387,0.08497165888547897,0.0,0.09376183152198792,0.0,64.9921646118164,32.900001525878906
1648226238.5092342,0.9885179901,2.0996164703,2.5954519653,0.9885179901,0.9885179901,0.03963707759976387,0.08497165888547897,0.0,0.09376183152198792,0.0,64.9921646118164,32.900001525878906
1648226238.5771096,0.9877683258,2.0991041565,2.5955362701,0.9877683258,0.9877683258,0.03963707759976387,0.08497165888547897,0.0,0.09376183152198792,0.0,64.9921646118164,23.0
1648226238.609697,0.9881976318,2.0998784637,2.5956568909,0.9881976318,0.9881976318,0.03963707759976387,0.08497165888547897,0.0,0.09376183152198792,0.0,64.9921646118164,33.099998474121094
1648226238.6774251,0.9882196808,2.0999459076,2.5955077362,0.9882196808,0.9882196808,0.9191930890083313,-0.8702269792556763,0.0,1.265784740447998,0.0,-43.43253707885742,24.200000762939453
1648226238.7105377,0.9879343414,2.1002753448,2.5954947662,0.9879343414,0.9879343414,1.0313801765441895,-0.0,0.0,1.0313801765441895,0.0,-0.0,24.100000381469727
1648226238.776649,0.9873947906,2.1002999878,2.5957217407,0.9873947906,0.9873947906,0.03963707759976387,0.08497165888547897,0.0,0.09376183152198792,0.0,64.9921646118164,23.700000762939453
1648226238.808901,0.987671051,2.0998901367,2.5961536407,0.987671051,0.987671051,0.03963707759976387,0.08497165888547897,0.0,0.09376183152198792,0.0,64.9921646118164,23.700000762939453
1648226238.8766584,0.987671051,2.0995230865,2.5958216095,0.987671051,0.987671051,0.03963707759976387,0.08497165888547897,0.0,0.09376183152198792,0.0,64.9921646118164,32.79999923706055
1648226238.9090102,0.9880575562,2.0995204926,2.5961847687,0.9880575562,0.9880575562,1.0313801765441895,-0.0,0.0,1.0313801765441895,0.0,-0.0,33.20000076293945
1648226238.9757218,0.9882858276,2.0989640808,2.5954947662,0.9882858276,0.9882858276,0.03963707759976387,0.08497165888547897,0.0,0.09376183152198792,0.0,64.9921646118164,33.400001525878906
1648226239.0101368,0.98811203,2.0990081787,2.595611496,0.98811203,0.98811203,0.03963707759976387,0.08497165888547897,0.0,0.09376183152198792,0.0,64.9921646118164,33.20000076293945
1648226239.0755386,0.9875439453,2.0998356628,2.59516922,0.9875439453,0.9875439453,0.9191930890083313,-0.8702269792556763,0.0,1.265784740447998,0.0,-43.43253707885742,33.29999923706055
1648226239.108949,0.9874868774,2.0998953247,2.5951121521,0.9874868774,0.9874868774,0.9191930890083313,-0.8702269792556763,0.0,1.265784740447998,0.0,-43.43253707885742,33.29999923706055
1648226239.1782608,0.9877073669,2.0995762634,2.5952807617,0.9877073669,0.9877073669,0.03963707759976387,0.08497165888547897,0.0,0.09376183152198792,0.0,64.9921646118164,23.0
1648226239.2117507,0.9877605438,2.0998927307,2.5959967041,0.9877605438,0.9877605438,1.0313801765441895,-0.0,0.0,1.0313801765441895,0.0,-0.0,32.900001525878906
1648226239.2751994,0.9880886841,2.1002468109,2.5958838654,0.9880886841,0.9880886841,0.9191930890083313,-0.8702269792556763,0.0,1.265784740447998,0.0,-43.43253707885742,33.20000076293945
1648226239.3092952,0.987700882,2.0996346283,2.5957528687,0.987700882,0.987700882,0.03963707759976387,0.08497165888547897,0.0,0.09376183152198792,0.0,64.9921646118164,32.5
1648226239.376247,0.9881600189,2.10021698,2.5953287506,0.9881600189,0.9881600189,0.03963707759976387,0.08497165888547897,0.0,0.09376183152198792,0.0,64.9921646118164,33.20000076293945
1648226239.408464,0.9880251312,2.0998953247,2.596043396,0.9880251312,0.9880251312,0.03963707759976387,0.08497165888547897,0.0,0.09376183152198792,0.0,64.9921646118164,33.20000076293945
1648226239.478762,0.9882274628,2.0996151733,2.5955751801,0.9882274628,0.9882274628,0.03963707759976387,0.08497165888547897,0.0,0.09376183152198792,0.0,64.9921646118164,24.200000762939453
1648226239.5162876,0.9878370667,2.0996605682,2.5959111023,0.9878370667,0.9878370667,1.0313801765441895,-0.0,0.0,1.0313801765441895,0.0,-0.0,34.099998474121094
1648226239.577805,0.9882572937,2.0996268463,2.5951056671,0.9882572937,0.9882572937,0.6201761960983276,0.7032137513160706,0.0,0.9376183152198792,-0.13408948481082916,48.59037780761719,23.600000381469727
1648226239.6123636,0.9879771423,2.1000107574,2.595584259,0.9879771423,0.9879771423,0.03963707759976387,0.08497165888547897,0.0,0.09376183152198792,0.0,64.9921646118164,24.0
1648226239.6749983,0.9879550934,2.0996125793,2.5952392578,0.9879550934,0.9879550934,0.9191930890083313,-0.8702269792556763,0.0,1.265784740447998,0.0,-43.43253707885742,33.29999923706055
1648226239.7119417,0.9877268219,2.0990457916,2.5962950134,0.9877268219,0.9877268219,0.9191930890083313,-0.8702269792556763,0.0,1.265784740447998,0.0,-43.43253707885742,33.29999923706055
1648226239.7788734,0.9877346039,2.0989420319,2.5957282257,0.9877346039,0.9877346039,0.03963707759976387,0.08497165888547897,0.0,0.09376183152198792,0.0,64.9921646118164,24.299999237060547
1648226239.8098361,0.9879460144,2.0994776917,2.5959967041,0.9879460144,0.9879460144,0.03963707759976387,0.08497165888547897,0.0,0.09376183152198792,0.0,64.9921646118164,34.099998474121094
1648226239.8751507,0.9874466705,2.0996865082,2.5956633759,0.9874466705,0.9874466705,0.03963707759976387,0.08497165888547897,0.0,0.09376183152198792,0.0,64.9921646118164,33.29999923706055
1648226239.9083965,0.9882300568,2.1002701569,2.5955323792,0.9882300568,0.9882300568,0.5535792112350464,0.870227038860321,0.0,1.0313801765441895,0.4022684693336487,57.53825759887695,32.599998474121094
1648226239.9759936,0.9879927063,2.0999938965,2.5957437897,0.9879927063,0.9879927063,0.7496809959411621,0.7750000953674316,0.0,1.0782610177993774,0.5363579392433167,45.95137405395508,23.5
1648226240.0107298,0.987672348,2.100194931,2.5953326416,0.987672348,0.987672348,0.7496809959411621,0.7750000953674316,0.0,1.0782610177993774,0.5363579392433167,45.95137405395508,23.5
1648226240.0783033,0.9880017853,2.0996164703,2.5961743927,0.9880017853,0.9880017853,0.7364593148231506,0.5010398030281067,0.0,0.8907374739646912,-0.13408948481082916,34.22886276245117,31.799999237060547
1648226240.1097476,0.9878759766,2.0994634247,2.5961497498,0.9878759766,0.9878759766,0.03963707759976387,0.08497165888547897,0.0,0.09376183152198792,0.0,64.9921646118164,26.0
1648226240.1757069,0.9879421234,2.0994102478,2.5953845215,0.9879421234,0.9879421234,0.7588112354278564,0.36918720602989197,0.0,0.8438564538955688,-0.13408948481082916,25.944482803344727,30.5
1648226240.211639,0.9878318787,2.0996086884,2.5959240723,0.9878318787,0.9878318787,0.6808837652206421,0.6446126103401184,0.0,0.9376183152198792,-0.2681789696216583,43.43253707885742,31.899999618530273
1648226240.2763877,0.9879109955,2.0998330688,2.5954091644,0.9879109955,0.9879109955,1.0281119346618652,0.4570889174938202,0.0,1.125141978263855,0.5363579392433167,23.969484329223633,25.0
1648226240.311024,0.9874752045,2.1009614563,2.5957398987,0.9874752045,0.9874752045,1.0281119346618652,0.4570889174938202,0.0,1.125141978263855,0.5363579392433167,23.969484329223633,25.0
1648226240.3805196,0.9874025726,2.0995684814,2.5946906281,0.9874025726,0.9874025726,0.03963707759976387,0.08497165888547897,0.0,0.09376183152198792,0.0,64.9921646118164,23.799999237060547
1648226240.4083312,0.987695694,2.1004958344,2.5962431335,0.987695694,0.987695694,0.40699055790901184,1.589556097984314,0.0,1.6408320665359497,-0.5363579392433167,75.63848876953125,32.70000076293945
1648226240.4749222,0.9887177277,2.1016514587,2.5956906128,0.9887177277,0.9887177277,0.6936489939689636,1.487004041671753,0.0,1.6408320665359497,-0.5363579392433167,64.9921646118164,31.100000381469727
1648226240.5090601,0.9890990448,2.0989342499,2.596493454,0.9890990448,0.9890990448,0.7546462416648865,0.47320425510406494,0.0,0.8907374739646912,-0.13408948481082916,32.08995056152344,28.100000381469727
1648226240.5758271,0.9873740387,2.1006242371,2.5976270294,0.9873740387,0.9873740387,0.7308011054992676,0.4219282269477844,0.0,0.8438564538955688,-0.13408948481082916,30.0,27.200000762939453
1648226240.6087127,0.9883195496,2.1012312317,2.5974013519,0.9883195496,0.9883195496,0.7308011054992676,0.4219282269477844,0.0,0.8438564538955688,-0.13408948481082916,30.0,27.200000762939453
1648226240.6759102,0.9878253937,2.1003518677,2.597822876,0.9878253937,0.9878253937,0.03963707759976387,0.08497165888547897,0.0,0.09376183152198792,0.0,64.9921646118164,32.0
1648226240.708669,0.9886878967,2.1000937653,2.5966633606,0.9886878967,0.9886878967,0.03963707759976387,0.08497165888547897,0.0,0.09376183152198792,0.0,64.9921646118164,33.20000076293945
1648226240.7755585,0.9892144775,2.0982559204,2.7383356476,0.9892144775,0.9892144775,0.03963707759976387,0.08497165888547897,0.0,0.09376183152198792,0.0,64.9921646118164,33.400001525878906
1648226240.8094654,0.986781311,2.095798111,1.4735507965,0.986781311,0.986781311,0.03963707759976387,0.08497165888547897,0.0,0.09376183152198792,0.0,64.9921646118164,30.399999618530273
1648226240.8763406,0.9880225372,2.0933195496,1.4733056641,0.9880225372,0.9880225372,0.03963707759976387,0.08497165888547897,0.0,0.09376183152198792,0.0,64.9921646118164,31.399999618530273
1648226240.909202,2.0964128876,0.991660614,1.7707875061,0.991660614,0.991660614,0.03963707759976387,0.08497165888547897,0.0,0.09376183152198792,0.0,64.9921646118164,31.399999618530273
1648226240.9768097,0.9930976868,2.0958707428,1.7719029236,0.9930976868,0.9930976868,2.2034029960632324,-0.0,0.0,2.2034029960632324,0.2681789696216583,-0.0,31.799999237060547
1648226241.008964,0.9959121704,2.1588062286,2.1588062286,0.9959121704,0.9959121704,1.0313801765441895,-0.0,0.0,1.0313801765441895,0.13408948481082916,-0.0,24.5
1648226241.0770679,2.2220179749,1.0099664307,2.5971263885,1.0099664307,1.0099664307,2.202326774597168,-0.06885634362697601,0.0,2.2034029960632324,0.5363579392433167,-1.7907847166061401,33.599998474121094
1648226241.1245012,1.1076043701,2.1133179474,2.5953041077,1.1076043701,1.1076043701,0.03963707759976387,0.08497165888547897,0.0,0.09376183152198792,0.0,64.9921646118164,43.5
1648226241.175382,2.0948383331,1.1203953552,2.5964480591,1.1203953552,1.1203953552,2.2034029960632324,-0.0,0.0,2.2034029960632324,0.9386264085769653,-0.0,34.400001525878906
1648226241.208511,1.143506546,1.0686425781,2.0970652771,1.0686425781,1.0686425781,2.2034029960632324,-0.0,0.0,2.2034029960632324,0.9386264085769653,-0.0,34.400001525878906
1648226241.2768302,1.0773415375,2.0934557343,2.7374497986,1.0773415375,1.0773415375,2.3429009914398193,-0.07325143367052078,0.0,2.344045877456665,0.8045369386672974,-1.7907847166061401,45.5
1648226241.3088114,1.0937446594,2.0948253632,1.4696701813,1.0937446594,1.0937446594,2.2971649169921875,-0.0,0.0,2.2971649169921875,0.5363579392433167,-0.0,28.5
1648226241.377444,1.1047769165,2.0934946442,2.5997450256,1.1047769165,1.1047769165,0.9191930890083313,-0.8702269792556763,0.0,1.265784740447998,0.0,-43.43253707885742,24.899999618530273
1648226241.4103224,2.0958045959,1.0940196228,1.9007971954,1.0940196228,1.0940196228,0.9191930890083313,-0.8702269792556763,0.0,1.265784740447998,0.0,-43.43253707885742,24.899999618530273
1648226241.4813232,1.1037496948,2.0874610138,2.2782817078,1.1037496948,1.1037496948,0.9261020421981812,0.14650286734104156,0.0,0.9376183152198792,-0.4022684693336487,8.989299774169922,33.79999923706055
1648226241.5103269,1.1018560791,2.091813736,2.6009408569,1.1018560791,1.1018560791,0.9261020421981812,0.14650286734104156,0.0,0.9376183152198792,-0.4022684693336487,8.989299774169922,33.79999923706055
1648226241.5752544,1.0986654663,2.0947034454,2.5993624115,1.0986654663,1.0986654663,0.880480945110321,0.3223063051700592,0.0,0.9376182556152344,-0.13408948481082916,20.105510711669922,52.79999923706055
1648226241.6084626,2.1018952942,1.0902998352,2.6009564209,1.0902998352,1.0902998352,1.2442777156829834,0.9962194561958313,0.0,1.5939512252807617,0.4022684693336487,38.68218994140625,35.400001525878906
1648226241.6784768,1.0814218903,2.08426651,2.5983494568,1.0814218903,1.0814218903,1.1714504957199097,-0.03662571683526039,0.0,1.1720229387283325,-0.2681789696216583,-1.7907847166061401,27.799999237060547
1648226241.716157,1.0669020081,2.091372757,1.4636910248,1.0669020081,1.0669020081,0.03963707759976387,0.08497165888547897,0.0,0.09376183152198792,0.0,64.9921646118164,36.5
1648226241.7749217,1.1384949493,2.0955802155,1.8803292847,1.1384949493,1.1384949493,1.125141978263855,-0.0,0.0,1.125141978263855,-0.4022684693336487,-0.0,49.0
1648226241.8082724,1.1221942902,2.0994621277,2.2525285339,1.1221942902,1.1221942902,1.125141978263855,-0.0,0.0,1.125141978263855,-0.4022684693336487,-0.0,49.0
1648226241.8763256,1.0198534393,2.0949810028,1.4552579498,1.0198534393,1.0198534393,1.4057406187057495,-0.04395085945725441,0.0,1.4064275026321411,-0.2681789696216583,-1.7907847166061401,28.299999237060547
1648226241.910977,2.0961755371,0.9969030762,1.468017807,0.9969030762,0.9969030762,1.077734351158142,-0.033695656806230545,0.0,1.078260898590088,-0.5363579392433167,-1.7907847166061401,29.399999618530273
1648226241.9772751,1.0603275299,2.0973947144,1.4595600891,1.0603275299,1.0603275299,1.0308763980865479,-0.03223063051700592,0.0,1.0313800573349,-0.5363579392433167,-1.7907847166061401,55.400001525878906
1648226242.0111187,2.0904389191,1.0391657257,2.0889629364,1.0391657257,1.0391657257,0.9840183854103088,-0.030765600502490997,0.0,0.9844992160797119,-0.5363579392433167,-1.7907847166061401,58.900001525878906
1648226242.0799081,1.0207146454,1.9622839355,2.0925374603,1.0207146454,1.0207146454,0.9371603727340698,-0.029300572350621223,0.0,0.9376183152198792,-0.5363579392433167,-1.7907847166061401,24.100000381469727
1648226242.110763,0.9198510742,2.0972585297,2.5967891693,0.9198510742,0.9198510742,0.9371603727340698,-0.029300572350621223,0.0,0.9376183152198792,-0.5363579392433167,-1.7907847166061401,24.100000381469727
1648226242.1757162,0.8974454498,2.0965309143,2.5970381927,0.8974454498,0.8974454498,0.9376183152198792,-0.0,0.0,0.9376183152198792,-0.4022684693336487,-0.0,50.29999923706055
1648226242.2084637,1.9658727264,0.9660916138,2.1033479309,0.9660916138,0.9660916138,0.8907374143600464,-0.0,0.0,0.8907374143600464,-0.4022684693336487,-0.0,47.29999923706055
1648226242.2751546,0.9552033234,2.0972831726,2.5928903961,0.9552033234,0.9552033234,0.8907374143600464,-0.0,0.0,0.8907374143600464,-0.2681789696216583,-0.0,41.0
1648226242.3090856,2.0850732422,0.9525561523,1.7764398193,0.9525561523,0.9525561523,0.9191930890083313,-0.8702269792556763,0.0,1.265784740447998,0.0,-43.43253707885742,28.200000762939453
1648226242.3811533,0.9481230164,1.4469779205,2.0994348907,0.9481230164,0.9481230164,0.9191930890083313,-0.8702269792556763,0.0,1.265784740447998,0.0,-43.43253707885742,25.299999237060547
1648226242.411137,0.9522370911,2.0982053375,1.4612630463,0.9522370911,0.9522370911,0.9191930890083313,-0.8702269792556763,0.0,1.265784740447998,0.0,-43.43253707885742,24.399999618530273
1648226242.4757607,0.9587039185,2.0957579041,1.473334198,0.9587039185,0.9587039185,0.9191930890083313,-0.8702269792556763,0.0,1.265784740447998,0.0,-43.43253707885742,25.5
1648226242.508199,0.9724118805,2.0940536499,2.6771433258,0.9724118805,0.9724118805,0.9371603727340698,-0.029300572350621223,0.0,0.9376183152198792,0.2681789696216583,-1.7907847166061401,25.399999618530273
1648226242.5748622,0.9020329285,2.0968707275,1.8721050262,0.9020329285,0.9020329285,1.029363751411438,-0.06446126103401184,0.0,1.0313801765441895,0.4022684693336487,-3.5833218097686768,37.0
1648226242.6087205,0.9219444275,2.0983441162,1.8953990936,0.9219444275,0.9219444275,0.9371603727340698,-0.029300572350621223,0.0,0.9376183152198792,0.5363579392433167,-1.7907847166061401,54.099998474121094
1648226242.6822727,1.0240401459,2.1006138611,2.6749903107,1.0240401459,1.0240401459,0.03963707759976387,0.08497165888547897,0.0,0.09376183152198792,0.0,64.9921646118164,57.0
1648226242.7110279,1.0444172668,2.098013382,1.8579042053,1.0444172668,1.0444172668,1.8743207454681396,-0.05860114470124245,0.0,1.8752366304397583,0.6704474091529846,-1.7907847166061401,60.70000076293945
1648226242.775479,0.9795414734,2.0950147247,2.6767347717,0.9795414734,0.9795414734,0.03963707759976387,0.08497165888547897,0.0,0.09376183152198792,0.0,64.9921646118164,39.5
1648226242.8083408,0.9971067047,2.0967319489,1.937756424,0.9971067047,0.9971067047,1.9680367708206177,-0.061531201004981995,0.0,1.9689984321594238,0.8045369386672974,-1.7907847166061401,39.5
1648226242.8770263,1.0128263092,2.0946087646,2.0889629364,1.0128263092,1.0128263092,2.014894723892212,-0.06299623101949692,0.0,2.0158793926239014,0.6704474091529846,-1.7907847166061401,30.399999618530273
1648226242.9124389,1.1155744171,2.0991456604,2.5941536713,1.1155744171,1.1155744171,0.03963707759976387,0.08497165888547897,0.0,0.09376183152198792,0.0,64.9921646118164,29.299999237060547
1648226242.9798987,2.0960082245,1.1288660431,2.5931666565,1.1288660431,1.1288660431,0.03963707759976387,0.08497165888547897,0.0,0.09376183152198792,0.0,64.9921646118164,27.399999618530273
1648226243.0098445,1.1422873688,2.0961249542,2.59471138,1.1422873688,1.1422873688,2.2971649169921875,-0.0,0.0,2.2971649169921875,0.5363579392433167,-0.0,23.899999618530273
1648226243.0753374,1.0652223969,2.4274480438,2.095319519,1.0652223969,1.0652223969,1.125141978263855,-0.0,0.0,1.125141978263855,0.2681789696216583,-0.0,42.900001525878906
1648226243.1082659,1.0688384247,2.0955555725,2.5994233704,1.0688384247,1.0688384247,0.9191930890083313,-0.8702269792556763,0.0,1.265784740447998,0.0,-43.43253707885742,42.400001525878906
1648226243.1750164,1.0774180603,2.0986437225,2.5988500977,1.0774180603,1.0774180603,0.9191930890083313,-0.8702269792556763,0.0,1.265784740447998,0.0,-43.43253707885742,25.700000762939453
1648226243.2097096,1.0768849945,2.0938539124,2.5985063934,1.0768849945,1.0768849945,0.9191930890083313,-0.8702269792556763,0.0,1.265784740447998,0.0,-43.43253707885742,27.100000381469727
1648226243.280324,2.0987500763,1.0774699402,1.4726143646,1.0774699402,1.0774699402,0.9191930890083313,-0.8702269792556763,0.0,1.265784740447998,0.0,-43.43253707885742,27.200000762939453
1648226243.3090467,1.0712197113,1.4688310242,2.2412303925,1.0712197113,1.0712197113,1.1245924234390259,-0.03516068682074547,0.0,1.125141978263855,-0.13408948481082916,-1.7907847166061401,25.799999237060547
1648226243.3769274,1.0668164062,2.0950212097,1.4629763794,1.0668164062,1.0668164062,1.1245924234390259,-0.03516068682074547,0.0,1.125141978263855,-0.2681789696216583,-1.7907847166061401,41.29999923706055
1648226243.4093664,2.0986865234,1.1331085205,2.5965959167,1.1331085205,1.1331085205,1.1245924234390259,-0.03516068682074547,0.0,1.125141978263855,-0.2681789696216583,-1.7907847166061401,53.29999923706055
1648226243.4764266,1.1256884003,2.112166214,2.5984882355,1.1256884003,1.1256884003,1.1245924234390259,-0.03516068682074547,0.0,1.125141978263855,-0.4022684693336487,-1.7907847166061401,57.0
1648226243.512451,1.1100077057,2.0999627686,2.5973209381,1.1100077057,1.1100077057,1.077734351158142,-0.033695656806230545,0.0,1.078260898590088,-0.4022684693336487,-1.7907847166061401,52.20000076293945
1648226243.5752125,1.0119625092,2.0960173035,2.5976840973,1.0119625092,1.0119625092,2.1086108684539795,-0.06592629104852676,0.0,2.1096413135528564,-0.6704474091529846,-1.7907847166061401,25.0
1648226243.608999,0.9973894501,2.0976398468,2.5976127625,0.9973894501,0.9973894501,2.1086108684539795,-0.06592629104852676,0.0,2.1096413135528564,-0.6704474091529846,-1.7907847166061401,25.0
1648226243.677121,0.9811160278,2.084288559,1.4606858826,0.9811160278,0.9811160278,1.0308763980865479,-0.03223063051700592,0.0,1.0313800573349,-0.4022684693336487,-1.7907847166061401,57.099998474121094
1648226243.710307,2.0951431274,1.0476364136,1.4603045654,1.0476364136,1.0476364136,1.1710848808288574,-0.9376183152198792,0.0,1.5001893043518066,-0.2681789696216583,-38.68218994140625,57.29999923706055
1648226243.7767274,1.037281189,2.0983635712,1.9440040588,1.037281189,1.037281189,0.9840183854103088,-0.030765600502490997,0.0,0.9844992160797119,-0.4022684693336487,-1.7907847166061401,59.29999923706055
1648226243.8117614,1.0238352203,2.0943454742,2.5985673523,1.0238352203,1.0238352203,1.1344884634017944,-0.9083176851272583,0.0,1.453308343887329,-0.2681789696216583,-38.68218994140625,60.400001525878906
1648226243.883119,1.8601661682,0.9263477325,2.1042545319,0.9263477325,0.9263477325,0.9371603727340698,-0.029300572350621223,0.0,0.9376183152198792,-0.2681789696216583,-1.7907847166061401,23.200000762939453
1648226243.9116082,0.9205514526,1.8418681335,1.0205356598,1.0205356598,1.0205356598,0.9371603727340698,-0.029300572350621223,0.0,0.9376183152198792,-0.2681789696216583,-1.7907847166061401,60.900001525878906
1648226243.9753551,0.9143245697,2.0974504852,2.5940408325,0.9143245697,0.9143245697,0.9376183152198792,-0.0,0.0,0.9376183152198792,-0.13408948481082916,-0.0,52.400001525878906
1648226244.0082922,0.9072286987,2.0934362793,2.5945998383,0.9072286987,0.9072286987,0.9376183152198792,-0.0,0.0,0.9376183152198792,-0.13408948481082916,-0.0,26.0
1648226244.078261,0.9107072449,2.0972909546,2.5937399292,0.9107072449,0.9107072449,0.9191930890083313,-0.8702269792556763,0.0,1.265784740447998,0.0,-43.43253707885742,23.399999618530273
1648226244.1107836,1.9374658966,0.9142830658,2.0941457367,0.9142830658,0.9142830658,0.03963707759976387,0.08497165888547897,0.0,0.09376183152198792,0.0,64.9921646118164,33.5
1648226244.1789289,0.9190235901,2.0912508392,2.6747348022,0.9190235901,0.9190235901,0.9371603727340698,-0.029300572350621223,0.0,0.9376183152198792,0.13408948481082916,-1.7907847166061401,23.5
1648226244.2092724,0.926166153,2.1007565308,2.6743781281,0.926166153,0.926166153,0.9371603727340698,-0.029300572350621223,0.0,0.9376183152198792,0.2681789696216583,-1.7907847166061401,23.899999618530273
1648226244.2772083,2.1876151276,1.0211802673,2.177702179,1.0211802673,1.0211802673,2.1990952491760254,-0.13771268725395203,0.0,2.2034029960632324,0.5363579392433167,-3.5833218097686768,26.100000381469727
1648226244.3091369,1.0324810028,2.0986216736,2.6737854004,1.0324810028,1.0324810028,2.1990952491760254,-0.13771268725395203,0.0,2.2034029960632324,0.5363579392433167,-3.5833218097686768,33.599998474121094
1648226244.3766007,1.0462447357,2.1003752136,2.6772950745,1.0462447357,1.0462447357,2.1086108684539795,-0.06592629104852676,0.0,2.1096413135528564,0.6704474091529846,-1.7907847166061401,33.29999923706055
1648226244.4129574,1.0587387085,1.8705836487,2.1013362885,1.0587387085,1.0587387085,2.1086108684539795,-0.06592629104852676,0.0,2.1096413135528564,0.6704474091529846,-1.7907847166061401,38.20000076293945
1648226244.4773464,2.0956723022,0.9861717224,2.5941445923,0.9861717224,0.9861717224,2.0617527961730957,-0.06446126103401184,0.0,2.0627601146698,0.5363579392433167,-1.7907847166061401,25.5
1648226244.5141592,2.0995840454,1.0008251953,2.5930615997,1.0008251953,1.0008251953,2.0617527961730957,-0.06446126103401184,0.0,2.0627601146698,0.5363579392433167,-1.7907847166061401,25.5
1648226244.575617,1.0109975433,2.1009666443,1.8791684723,1.0109975433,1.0109975433,2.1086108684539795,-0.06592629104852676,0.0,2.1096413135528564,0.5363579392433167,-1.7907847166061401,34.400001525878906
1648226244.6083026,1.1069247437,2.0912300873,2.5945596313,1.1069247437,1.1069247437,2.1086108684539795,-0.06592629104852676,0.0,2.1096413135528564,0.4022684693336487,-1.7907847166061401,41.5
1648226244.6769671,1.1123215485,2.0977786255,2.2424936676,1.1123215485,1.1123215485,2.156522035598755,-0.0,0.0,2.156522035598755,0.4022684693336487,-0.0,26.0
1648226244.709612,1.1224277496,2.0938318634,2.5959603882,1.1224277496,1.1224277496,0.9191930890083313,-0.8702269792556763,0.0,1.265784740447998,0.0,-43.43253707885742,24.799999237060547
1648226244.77535,1.1252513123,2.0965659332,2.5987489319,1.1252513123,1.1252513123,1.125141978263855,-0.0,0.0,1.125141978263855,0.13408948481082916,-0.0,25.200000762939453
1648226244.8102026,2.4839413452,2.0954219818,1.1302992249,1.1302992249,1.1302992249,1.125141978263855,-0.0,0.0,1.125141978263855,0.13408948481082916,-0.0,25.200000762939453
1648226244.8816175,2.4820957184,2.0951522064,1.1322486115,1.1322486115,1.1322486115,0.9191930890083313,-0.8702269792556763,0.0,1.265784740447998,0.0,-43.43253707885742,26.799999237060547
1648226244.9084969,2.0969277954,1.1308647156,2.3435284424,1.1308647156,1.1308647156,0.9191930890083313,-0.8702269792556763,0.0,1.265784740447998,0.0,-43.43253707885742,26.0
1648226244.9750059,2.0949861908,1.1276611328,2.5977891541,1.1276611328,1.1276611328,1.125141978263855,-0.0,0.0,1.125141978263855,-0.13408948481082916,-0.0,27.0
1648226245.0083141,2.1937252808,2.177703476,1.1236728668,1.1236728668,1.1236728668,1.0782610177993774,-0.0,0.0,1.0782610177993774,-0.13408948481082916,-0.0,25.0
1648226245.0836205,1.1175328827,2.0972196198,2.0972196198,1.1175328827,1.1175328827,2.202326774597168,-0.06885634362697601,0.0,2.2034029960632324,-0.4022684693336487,-1.7907847166061401,23.600000381469727
1648226245.1100867,1.1128221893,2.1001378632,1.7812555695,1.1128221893,1.1128221893,1.0782610177993774,-0.0,0.0,1.0782610177993774,-0.13408948481082916,-0.0,26.700000762939453
1648226245.1768618,1.1055992126,2.0956839752,2.5977748871,1.1055992126,1.1055992126,0.03963707759976387,0.08497165888547897,0.0,0.09376183152198792,0.0,64.9921646118164,54.5
1648226245.2081892,2.1040496063,1.0101467133,2.5974506378,1.0101467133,1.0101467133,1.0782610177993774,-0.0,0.0,1.0782610177993774,-0.2681789696216583,-0.0,54.5
1648226245.2814388,1.0006176758,2.026722641,1.1092736053,1.0006176758,1.0006176758,1.0308763980865479,-0.03223063051700592,0.0,1.0313800573349,-0.2681789696216583,-1.7907847166061401,59.20000076293945
1648226245.3133802,0.9898344421,2.0671915436,2.0003974915,0.9898344421,0.9898344421,1.0308763980865479,-0.03223063051700592,0.0,1.0313800573349,-0.2681789696216583,-1.7907847166061401,59.20000076293945
1648226245.3750117,0.979263916,2.0554135132,2.0003974915,0.979263916,0.979263916,1.0308763980865479,-0.03223063051700592,0.0,1.0313800573349,-0.2681789696216583,-1.7907847166061401,66.0999984741211
1648226245.4101498,1.0548165894,1.9495668793,0.9799046326,0.9799046326,0.9799046326,1.0308763980865479,-0.03223063051700592,0.0,1.0313800573349,-0.2681789696216583,-1.7907847166061401,66.0999984741211
1648226245.482657,1.0462862396,1.9486109924,0.9799046326,0.9799046326,0.9799046326,0.9840183854103088,-0.030765600502490997,0.0,0.9844992160797119,-0.2681789696216583,-1.7907847166061401,64.4000015258789
1648226245.508565,1.0393602753,2.0938889313,0.9799046326,0.9799046326,0.9799046326,0.9801632761955261,-0.09229680150747299,0.0,0.9844992160797119,-0.13408948481082916,-5.379378795623779,65.0999984741211
1648226245.5747738,2.097541275,1.0395548248,2.5941082764,1.0395548248,1.0395548248,0.9840183854103088,-0.030765600502490997,0.0,0.9844992160797119,-0.13408948481082916,-1.7907847166061401,39.099998474121094
1648226245.6102147,1.0295264435,2.093996582,1.9192391968,1.0295264435,1.0295264435,0.9840183854103088,0.030765600502490997,0.0,0.9844992160797119,-0.13408948481082916,1.7907847166061401,40.099998474121094
1648226245.6784918,1.0246717834,2.0946593475,1.9313272095,1.0246717834,1.0246717834,0.9840183854103088,-0.030765600502490997,0.0,0.9844992160797119,0.0,-1.7907847166061401,26.100000381469727
1648226245.7091782,1.0269765472,2.0956930542,1.9263402557,1.0269765472,1.0269765472,0.9840183854103088,-0.030765600502490997,0.0,0.9844992160797119,0.0,-1.7907847166061401,26.100000381469727
1648226245.7770455,1.0256691742,2.0627194977,2.0003974915,1.0256691742,1.0256691742,0.9844992160797119,-0.0,0.0,0.9844992160797119,0.0,-0.0,26.600000381469727
1648226245.809167,1.0309453583,2.09268013,2.6729605103,1.0309453583,1.0309453583,2.014894723892212,-0.06299623101949692,0.0,2.0158793926239014,0.2681789696216583,-1.7907847166061401,25.100000381469727
1648226245.8757303,2.0222492981,1.0358856201,2.6715117645,1.0358856201,1.0358856201,0.9840183854103088,-0.030765600502490997,0.0,0.9844992160797119,0.13408948481082916,-1.7907847166061401,33.599998474121094
1648226245.9111648,2.1007707977,1.0422927856,2.6757983398,1.0422927856,1.0422927856,0.9840183854103088,-0.030765600502490997,0.0,0.9844992160797119,0.13408948481082916,-1.7907847166061401,34.70000076293945
1648226245.9774814,2.0955413055,1.0497038269,2.0955413055,1.0497038269,1.0497038269,2.155468702316284,-0.06739131361246109,0.0,2.156521797180176,0.4022684693336487,-1.7907847166061401,35.20000076293945
1648226246.0092316,1.0566142273,2.0943325043,2.6769059753,1.0566142273,1.0566142273,2.2491848468780518,-0.07032137364149094,0.0,2.25028395652771,0.4022684693336487,-1.7907847166061401,30.899999618530273
1648226246.0779471,2.2799107361,0.9804830933,2.0928733826,0.9804830933,0.9804830933,2.2960429191589355,-0.07178640365600586,0.0,2.2971646785736084,0.4022684693336487,-1.7907847166061401,33.900001525878906
1648226246.1102095,2.2948171234,0.9881963348,2.1175513458,0.9881963348,0.9881963348,2.2960429191589355,-0.07178640365600586,0.0,2.2971646785736084,0.4022684693336487,-1.7907847166061401,45.79999923706055
1648226246.1764362,2.3960671997,0.9967513275,2.0910835266,0.9967513275,0.9967513275,2.339463233947754,-0.14650286734104156,0.0,2.344045877456665,0.4022684693336487,-3.5833218097686768,51.400001525878906
1648226246.2101614,2.4083860779,1.0021701813,2.1044672394,1.0021701813,1.0021701813,2.3429009914398193,-0.07325143367052078,0.0,2.344045877456665,0.2681789696216583,-1.7907847166061401,49.900001525878906
1648226246.2760324,2.4189099121,1.0103892517,2.1051351929,1.0103892517,1.0103892517,2.389758825302124,-0.07471645623445511,0.0,2.3909263610839844,0.2681789696216583,-1.7907847166061401,37.79999923706055
1648226246.3083618,2.3480484772,1.0147393799,2.1012623596,1.0147393799,1.0147393799,2.389758825302124,-0.07471645623445511,0.0,2.3909263610839844,0.2681789696216583,-1.7907847166061401,37.79999923706055
1648226246.3774397,2.3550730133,1.1067133331,2.0921665192,1.1067133331,1.1067133331,1.0782610177993774,-0.0,0.0,1.0782610177993774,0.13408948481082916,-0.0,42.0
1648226246.4092205,1.1092658234,2.359629364,2.0959135437,1.1092658234,1.1092658234,1.0782610177993774,-0.0,0.0,1.0782610177993774,0.13408948481082916,-0.0,26.700000762939453
1648226246.4876416,1.1067094421,2.0952585602,2.3888909149,1.1067094421,1.1067094421,0.9191930890083313,-0.8702269792556763,0.0,1.265784740447998,0.0,-43.43253707885742,24.799999237060547
1648226246.5112145,1.1096030426,2.0944168091,2.5982859039,1.1096030426,1.1096030426,0.03963707759976387,0.08497165888547897,0.0,0.09376183152198792,0.0,64.9921646118164,25.700000762939453
1648226246.5748274,1.1062697601,2.0933649445,2.5976711273,1.1062697601,1.1062697601,0.9191930890083313,-0.8702269792556763,0.0,1.265784740447998,0.0,-43.43253707885742,24.600000381469727
1648226246.6082473,1.1053203583,2.0928422546,2.0928422546,1.1053203583,1.1053203583,0.9191930890083313,-0.8702269792556763,0.0,1.265784740447998,0.0,-43.43253707885742,24.600000381469727
1648226246.6802435,2.242740097,1.0169883728,2.5990368652,1.0169883728,1.0169883728,1.0782610177993774,-0.0,0.0,1.0782610177993774,-0.13408948481082916,-0.0,26.600000381469727
1648226246.7122798,1.0123010254,2.118354187,2.5983857727,1.0123010254,1.0123010254,1.0782610177993774,-0.0,0.0,1.0782610177993774,-0.13408948481082916,-0.0,27.299999237060547
1648226246.7797196,1.0058886719,2.5971224976,2.1603937531,1.0058886719,1.0058886719,1.0782610177993774,-0.0,0.0,1.0782610177993774,-0.13408948481082916,-0.0,27.600000381469727
1648226246.808952,2.0972585297,1.0022233582,1.7842749786,1.0022233582,1.0022233582,1.0313801765441895,-0.0,0.0,1.0313801765441895,-0.13408948481082916,-0.0,28.0
1648226246.8748887,0.9967707825,2.1004685974,2.5991769409,0.9967707825,0.9967707825,1.0313801765441895,-0.0,0.0,1.0313801765441895,-0.13408948481082916,-0.0,30.299999237060547
1648226246.9094167,0.9911093903,2.1025723267,2.5967710114,0.9911093903,0.9911093903,1.0313801765441895,-0.0,0.0,1.0313801765441895,-0.13408948481082916,-0.0,30.299999237060547
1648226246.9790032,0.9853805542,2.1012221527,2.598271637,0.9853805542,0.9853805542,1.0313801765441895,-0.0,0.0,1.0313801765441895,-0.13408948481082916,-0.0,31.700000762939453
1648226247.0130808,0.9781134796,2.1026696014,2.5956491089,0.9781134796,0.9781134796,2.0617527961730957,-0.06446126103401184,0.0,2.0627601146698,-0.2681789696216583,-1.7907847166061401,32.099998474121094
1648226247.0772843,1.0594909668,2.0959407806,2.5951004791,1.0594909668,1.0594909668,1.0313801765441895,-0.0,0.0,1.0313801765441895,-0.13408948481082916,-0.0,30.5
1648226247.108421,1.0552458954,2.0951275635,2.0889629364,1.0552458954,1.0552458954,1.0308763980865479,-0.03223063051700592,0.0,1.0313800573349,-0.13408948481082916,-1.7907847166061401,30.600000381469727
1648226247.1761854,1.0513108063,2.0983609772,2.5936828613,1.0513108063,1.0513108063,0.9844992160797119,-0.0,0.0,0.9844992160797119,0.0,-0.0,31.200000762939453
1648226247.208669,1.0473809052,2.0984634399,2.6772535706,1.0473809052,1.0473809052,0.9844992160797119,-0.0,0.0,0.9844992160797119,0.0,-0.0,31.200000762939453
1648226247.2853258,1.0471720886,2.1013583374,2.6772769165,1.0471720886,1.0471720886,0.9840183854103088,-0.030765600502490997,0.0,0.9844992160797119,0.0,-1.7907847166061401,27.299999237060547
1648226247.3128967,2.0911924744,1.0459204865,2.6772821045,1.0459204865,1.0459204865,0.03963707759976387,0.08497165888547897,0.0,0.09376183152198792,0.0,64.9921646118164,26.399999618530273
1648226247.3754594,2.0382775879,1.0515235138,2.676599884,1.0515235138,1.0515235138,0.9840183854103088,-0.030765600502490997,0.0,0.9844992160797119,0.0,-1.7907847166061401,26.799999237060547
1648226247.4146395,2.1467662048,1.0526959991,2.6737477875,1.0526959991,1.0526959991,0.03963707759976387,0.08497165888547897,0.0,0.09376183152198792,0.0,64.9921646118164,25.399999618530273
1648226247.4749277,2.1587167358,1.0537050629,2.6752133942,1.0537050629,1.0537050629,2.155468702316284,-0.06739131361246109,0.0,2.156521797180176,0.2681789696216583,-1.7907847166061401,27.899999618530273
1648226247.5081959,1.0588917542,2.1104515839,2.5927373505,1.0588917542,1.0588917542,2.155468702316284,-0.06739131361246109,0.0,2.156521797180176,0.2681789696216583,-1.7907847166061401,27.899999618530273
1648226247.5757506,0.9787827301,2.1025930786,2.6774053192,0.9787827301,0.9787827301,0.03963707759976387,0.08497165888547897,0.0,0.09376183152198792,0.0,64.9921646118164,32.599998474121094
1648226247.6113575,0.9827593231,2.1017033386,2.5950498962,0.9827593231,0.9827593231,2.202326774597168,-0.06885634362697601,0.0,2.2034029960632324,0.2681789696216583,-1.7907847166061401,32.599998474121094
1648226247.6798334,0.988999176,2.0999783325,2.5950888062,0.988999176,0.988999176,1.0313801765441895,-0.0,0.0,1.0313801765441895,0.13408948481082916,-0.0,29.899999618530273
1648226247.715816,0.9949251556,2.0942598724,2.5943015289,0.9949251556,0.9949251556,0.03963707759976387,0.08497165888547897,0.0,0.09376183152198792,0.0,64.9921646118164,28.600000381469727
1648226247.775013,0.9968628693,2.0960717773,2.325549469,0.9968628693,0.9968628693,1.0313801765441895,-0.0,0.0,1.0313801765441895,0.13408948481082916,-0.0,29.700000762939453
1648226247.8083367,1.0024166107,2.0943247223,2.5981211853,1.0024166107,1.0024166107,1.0313801765441895,-0.0,0.0,1.0313801765441895,0.13408948481082916,-0.0,29.700000762939453
1648226247.8759098,1.0020547485,2.097123642,2.5994026184,1.0020547485,1.0020547485,1.0313801765441895,-0.0,0.0,1.0313801765441895,0.13408948481082916,-0.0,26.700000762939453
1648226247.9108737,2.0966100311,1.003608551,2.5989797974,1.003608551,1.003608551,0.9191930890083313,-0.8702269792556763,0.0,1.265784740447998,0.0,-43.43253707885742,25.200000762939453
1648226247.975877,2.1003791046,1.008068924,2.5991782379,1.008068924,1.008068924,0.9191930890083313,-0.8702269792556763,0.0,1.265784740447998,0.0,-43.43253707885742,25.0
1648226248.0108562,2.0977513885,1.0069599915,2.5992755127,1.0069599915,1.0069599915,0.6821938157081604,0.7735351324081421,0.0,1.0313801765441895,-0.6704474091529846,48.59037780761719,24.399999618530273
1648226248.0775251,2.0891691589,1.0071078491,2.5992794037,1.0071078491,1.0071078491,0.6285843253135681,0.8760870695114136,0.0,1.0782610177993774,0.4022684693336487,54.34090805053711,29.100000381469727
1648226248.1091835,2.1205046082,1.0088743591,2.5991912079,1.0088743591,1.0088743591,0.6145424246788025,0.7691400051116943,0.0,0.9844992160797119,-0.4022684693336487,51.37516784667969,23.299999237060547
1648226248.1770675,2.2240581512,1.0026863861,2.601357193,1.0026863861,1.0026863861,0.6511850357055664,0.7383744120597839,0.0,0.9844992160797119,-0.4022684693336487,48.59037399291992,23.299999237060547
1648226248.2094352,1.0013336182,2.1639890289,2.5998059845,1.0013336182,1.0013336182,0.9191930890083313,-0.8702269792556763,0.0,1.265784740447998,0.0,-43.43253707885742,40.099998474121094
1648226248.2769308,2.1022364044,0.999187088,2.5998046875,0.999187088,0.999187088,1.0313801765441895,-0.0,0.0,1.0313801765441895,-0.13408948481082916,-0.0,25.200000762939453
1648226248.3104055,0.9983894348,2.0884467316,2.5967813873,0.9983894348,0.9983894348,0.03963707759976387,0.08497165888547897,0.0,0.09376183152198792,0.0,64.9921646118164,27.100000381469727
1648226248.3799155,0.9962960815,2.0918850708,2.5966970825,0.9962960815,0.9962960815,0.03963707759976387,0.08497165888547897,0.0,0.09376183152198792,0.0,64.9921646118164,27.799999237060547
1648226248.4106476,0.9896684265,2.5961238098,2.1049951172,0.9896684265,0.9896684265,1.0308763980865479,0.03223063051700592,0.0,1.0313800573349,-0.13408948481082916,1.7907847166061401,27.5
1648226248.4753776,0.9896749115,2.103324585,2.59693573,0.9896749115,0.9896749115,1.0313801765441895,-0.0,0.0,1.0313801765441895,-0.13408948481082916,-0.0,27.899999618530273
1648226248.5083284,0.9849745941,2.1663339996,2.5955168152,0.9849745941,0.9849745941,1.0313801765441895,-0.0,0.0,1.0313801765441895,-0.13408948481082916,-0.0,28.399999618530273
1648226248.5754697,0.9817217255,2.1012169647,2.5957113647,0.9817217255,0.9817217255,1.0313801765441895,-0.0,0.0,1.0313801765441895,0.0,-0.0,28.899999618530273
1648226248.6113772,2.0945659637,0.9795894623,2.5937866211,0.9795894623,0.9795894623,0.03963707759976387,0.08497165888547897,0.0,0.09376183152198792,0.0,64.9921646118164,23.5
1648226248.6782582,1.0612691498,2.0845557404,2.5953378296,1.0612691498,1.0612691498,1.0313801765441895,-0.0,0.0,1.0313801765441895,0.0,-0.0,24.5
1648226248.7084737,2.082502594,1.0603820038,2.5942068481,1.0603820038,1.0603820038,1.0313801765441895,-0.0,0.0,1.0313801765441895,0.0,-0.0,24.799999237060547
1648226248.7759652,2.1613898468,1.0597581482,2.5930252838,1.0597581482,1.0597581482,1.0313801765441895,-0.0,0.0,1.0313801765441895,0.0,-0.0,24.100000381469727
1648226248.8120677,2.1645934296,1.0615557861,2.5946543121,1.0615557861,1.0615557861,1.0313801765441895,-0.0,0.0,1.0313801765441895,0.0,-0.0,24.0
1648226248.8793654,2.166599884,0.9776556396,2.5943780518,0.9776556396,0.9776556396,1.0308763980865479,-0.03223063051700592,0.0,1.0313800573349,0.0,-1.7907847166061401,24.0
1648226248.9121933,0.9795492554,2.1500981903,2.6773002625,0.9795492554,0.9795492554,0.03963707759976387,0.08497165888547897,0.0,0.09376183152198792,0.0,64.9921646118164,24.5
1648226248.974848,0.9805401611,2.0862898254,2.5931069946,0.9805401611,0.9805401611,1.0313801765441895,-0.0,0.0,1.0313801765441895,0.0,-0.0,24.899999618530273
1648226249.0081453,0.9816296387,2.0937151337,2.5936141205,0.9816296387,0.9816296387,1.0313801765441895,-0.0,0.0,1.0313801765441895,0.0,-0.0,24.899999618530273
1648226249.0792048,0.985032959,2.5932820892,1.8718365479,0.985032959,0.985032959,1.0313801765441895,-0.0,0.0,1.0313801765441895,0.0,-0.0,23.799999237060547
1648226249.1141458,2.09179039,0.9874077606,2.594713974,0.9874077606,0.9874077606,0.03963707759976387,0.08497165888547897,0.0,0.09376183152198792,0.0,64.9921646118164,23.200000762939453
1648226249.1772223,2.0983998871,0.9902948761,2.5972055054,0.9902948761,0.9902948761,0.03963707759976387,0.08497165888547897,0.0,0.09376183152198792,0.0,64.9921646118164,23.100000381469727
1648226249.2083333,2.0978240204,0.9936463165,2.5974662018,0.9936463165,0.9936463165,0.03963707759976387,0.08497165888547897,0.0,0.09376183152198792,0.0,64.9921646118164,23.100000381469727
1648226249.280423,2.1152362061,0.9962467957,2.5961380768,0.9962467957,0.9962467957,0.03963707759976387,0.08497165888547897,0.0,0.09376183152198792,0.0,64.9921646118164,33.599998474121094
1648226249.309064,2.1202413177,0.9992337799,2.5967502594,0.9992337799,0.9992337799,1.0313801765441895,-0.0,0.0,1.0313801765441895,0.0,-0.0,23.200000762939453
1648226249.3751094,2.2102023315,0.9971041107,2.5969759369,0.9971041107,0.9971041107,1.0313801765441895,-0.0,0.0,1.0313801765441895,0.0,-0.0,23.799999237060547
1648226249.4081583,2.1123114777,0.9990353394,2.5967100525,0.9990353394,0.9990353394,0.9191930890083313,-0.8702269792556763,0.0,1.265784740447998,0.0,-43.43253707885742,23.700000762939453
1648226249.4754887,2.1143010712,0.9992285919,2.5970472717,0.9992285919,0.9992285919,1.0313801765441895,-0.0,0.0,1.0313801765441895,0.0,-0.0,24.299999237060547
1648226249.513801,2.1104438019,0.9968732452,2.5971743774,0.9968732452,0.9968732452,0.03963707759976387,0.08497165888547897,0.0,0.09376183152198792,0.0,64.9921646118164,24.299999237060547
1648226249.5789094,2.1125760651,0.9950626373,2.2185057068,0.9950626373,0.9950626373,0.03963707759976387,0.08497165888547897,0.0,0.09376183152198792,0.0,64.9921646118164,24.100000381469727
1648226249.60912,2.1108627319,0.995633316,2.5984246826,0.995633316,0.995633316,1.0313801765441895,-0.0,0.0,1.0313801765441895,0.0,-0.0,24.799999237060547
1648226249.6810837,2.1055489349,0.9939874268,2.5962288666,0.9939874268,0.9939874268,1.0313801765441895,-0.0,0.0,1.0313801765441895,0.0,-0.0,24.5
1648226249.7206788,2.1087213898,0.9915140533,2.5978125,0.9915140533,0.9915140533,0.03963707759976387,0.08497165888547897,0.0,0.09376183152198792,0.0,64.9921646118164,24.200000762939453
1648226249.7754564,2.0982286835,0.989901886,2.5975984955,0.989901886,0.989901886,0.03963707759976387,0.08497165888547897,0.0,0.09376183152198792,0.0,64.9921646118164,23.100000381469727
1648226249.8111122,2.0974647522,0.9894064331,2.5955725861,0.9894064331,0.9894064331,0.03963707759976387,0.08497165888547897,0.0,0.09376183152198792,0.0,64.9921646118164,33.70000076293945
1648226249.8756115,0.987684021,2.0949226379,2.5948125458,0.987684021,0.987684021,1.0313801765441895,-0.0,0.0,1.0313801765441895,0.0,-0.0,23.700000762939453
1648226249.9085474,2.0954777527,0.9850018311,2.5934597778,0.9850018311,0.9850018311,1.0313801765441895,-0.0,0.0,1.0313801765441895,0.0,-0.0,23.700000762939453
1648226249.9764953,2.0917605591,0.9851380157,2.5979396057,0.9851380157,0.9851380157,1.0313801765441895,-0.0,0.0,1.0313801765441895,0.0,-0.0,24.0
1648226250.0088463,2.0905738068,0.9826062775,2.5942431641,0.9826062775,0.9826062775,1.0313801765441895,-0.0,0.0,1.0313801765441895,0.0,-0.0,24.700000762939453
1648226250.0767527,2.0836206055,0.9826088715,2.5943067169,0.9826088715,0.9826088715,1.0313801765441895,-0.0,0.0,1.0313801765441895,0.0,-0.0,24.899999618530273
1648226250.114683,0.9832223511,2.1624183655,2.5927762604,0.9832223511,0.9832223511,0.03963707759976387,0.08497165888547897,0.0,0.09376183152198792,0.0,64.9921646118164,25.100000381469727
1648226250.1750405,2.167051239,0.9829279327,2.5942431641,0.9829279327,0.9829279327,1.0313801765441895,-0.0,0.0,1.0313801765441895,0.0,-0.0,24.799999237060547
1648226250.208384,2.0905310059,0.9825219727,2.5952185059,0.9825219727,0.9825219727,1.0313801765441895,-0.0,0.0,1.0313801765441895,0.0,-0.0,24.799999237060547
1648226250.2761788,2.0905634308,0.9852495575,2.5985232544,0.9852495575,0.9852495575,1.0313801765441895,-0.0,0.0,1.0313801765441895,0.0,-0.0,24.600000381469727
1648226250.3103719,2.0923351288,0.9860368347,2.5979862976,0.9860368347,0.9860368347,1.0313801765441895,-0.0,0.0,1.0313801765441895,0.0,-0.0,24.700000762939453
1648226250.3806984,2.094883728,0.988581543,2.5980511475,0.988581543,0.988581543,1.0313801765441895,-0.0,0.0,1.0313801765441895,0.0,-0.0,23.700000762939453
1648226250.4116178,2.0998927307,0.988126297,2.5950187683,0.988126297,0.988126297,1.0308763980865479,-0.03223063051700592,0.0,1.0313800573349,0.0,-1.7907847166061401,23.299999237060547
1648226250.4748101,0.9908383179,2.1054918671,2.5939487457,0.9908383179,0.9908383179,0.03963707759976387,0.08497165888547897,0.0,0.09376183152198792,0.0,64.9921646118164,23.399999618530273
1648226250.509638,0.9901340485,2.1026475525,2.5962081146,0.9901340485,0.9901340485,0.03963707759976387,0.08497165888547897,0.0,0.09376183152198792,0.0,64.9921646118164,23.399999618530273
1648226250.574911,2.1089820862,0.9945503235,2.5961082458,0.9945503235,0.9945503235,0.9191930890083313,-0.8702269792556763,0.0,1.265784740447998,0.0,-43.43253707885742,23.299999237060547
1648226250.608583,0.9931106567,2.1133503723,2.2185044098,0.9931106567,0.9931106567,0.9191930890083313,-0.8702269792556763,0.0,1.265784740447998,0.0,-43.43253707885742,23.5
1648226250.6765423,2.1037940979,0.9944686127,2.598237915,0.9944686127,0.9944686127,0.9191930890083313,-0.8702269792556763,0.0,1.265784740447998,0.0,-43.43253707885742,23.299999237060547
1648226250.7123845,2.1135371399,0.9957811737,2.5957891846,0.9957811737,0.9957811737,1.0313801765441895,-0.0,0.0,1.0313801765441895,0.0,-0.0,24.200000762939453
1648226250.775494,2.1175733948,0.9959718323,2.5962055206,0.9959718323,0.9959718323,1.0313801765441895,-0.0,0.0,1.0313801765441895,0.0,-0.0,24.600000381469727
1648226250.8097515,2.1107343292,0.9953778076,2.5958190155,0.9953778076,0.9953778076,1.0313801765441895,-0.0,0.0,1.0313801765441895,0.0,-0.0,24.600000381469727
1648226250.876014,2.1019056702,0.9937773132,2.5988993835,0.9937773132,0.9937773132,1.0313801765441895,-0.0,0.0,1.0313801765441895,0.0,-0.0,24.0
1648226250.908595,2.1084127045,0.9929679871,2.2185044098,0.9929679871,0.9929679871,1.0313801765441895,-0.0,0.0,1.0313801765441895,0.0,-0.0,23.799999237060547
1648226250.9754145,0.9936320496,2.1123555756,2.5961354828,0.9936320496,0.9936320496,1.0313801765441895,-0.0,0.0,1.0313801765441895,0.0,-0.0,23.399999618530273
1648226251.0087209,2.0991793823,0.9897423553,2.5977152252,0.9897423553,0.9897423553,0.03963707759976387,0.08497165888547897,0.0,0.09376183152198792,0.0,64.9921646118164,33.0
1648226251.0759768,2.0972027588,0.9900393677,2.5976698303,0.9900393677,0.9900393677,0.03963707759976387,0.08497165888547897,0.0,0.09376183152198792,0.0,64.9921646118164,33.099998474121094
1648226251.1093352,2.0946619415,0.9889096832,2.5972651672,0.9889096832,0.9889096832,0.03963707759976387,0.08497165888547897,0.0,0.09376183152198792,0.0,64.9921646118164,33.099998474121094
1648226251.1761029,2.0969252014,0.9881794739,2.5968579102,0.9881794739,0.9881794739,0.9191930890083313,-0.8702269792556763,0.0,1.265784740447998,0.0,-43.43253707885742,23.399999618530273
1648226251.2086835,2.0982455444,0.9887177277,2.5943988037,0.9887177277,0.9887177277,0.9191930890083313,-0.8702269792556763,0.0,1.265784740447998,0.0,-43.43253707885742,23.799999237060547
1648226251.276754,2.0910848236,0.9869369507,2.597363739,0.9869369507,0.9869369507,0.9191930890083313,-0.8702269792556763,0.0,1.265784740447998,0.0,-43.43253707885742,23.200000762939453
1648226251.315341,2.0976022339,0.9857501984,2.6772276306,0.9857501984,0.9857501984,0.03963707759976387,0.08497165888547897,0.0,0.09376183152198792,0.0,64.9921646118164,23.299999237060547
1648226251.3519127,2.0960328674,0.9853610992,2.5930291748,0.9853610992,0.9853610992,1.0313801765441895,-0.0,0.0,1.0313801765441895,0.0,-0.0,24.399999618530273
1648226251.4082346,2.09665802,0.985488205,2.6774092102,0.985488205,0.985488205,1.0313801765441895,-0.0,0.0,1.0313801765441895,0.0,-0.0,24.600000381469727
1648226251.480298,0.9860407257,2.0903338623,2.5932717133,0.9860407257,0.9860407257,1.0313801765441895,-0.0,0.0,1.0313801765441895,0.0,-0.0,24.700000762939453
1648226251.5112128,2.0943143463,0.9877397919,2.5990109253,0.9877397919,0.9877397919,1.0308763980865479,-0.03223063051700592,0.0,1.0313800573349,0.0,-1.7907847166061401,24.399999618530273
1648226251.5753102,0.9893649292,2.0952585602,2.5939422607,0.9893649292,0.9893649292,0.9191930890083313,-0.8702269792556763,0.0,1.265784740447998,0.0,-43.43253707885742,23.899999618530273
1648226251.615569,2.0989212799,0.9883428955,2.5955103302,0.9883428955,0.9883428955,0.03963707759976387,0.08497165888547897,0.0,0.09376183152198792,0.0,64.9921646118164,23.100000381469727
1648226251.675398,2.0953117371,0.9886930847,2.5976503754,0.9886930847,0.9886930847,0.03963707759976387,0.08497165888547897,0.0,0.09376183152198792,0.0,64.9921646118164,33.0
1648226251.7083538,2.1012014008,0.9907410431,2.5949305725,0.9907410431,0.9907410431,0.03963707759976387,0.08497165888547897,0.0,0.09376183152198792,0.0,64.9921646118164,33.0
1648226251.7802873,2.1016358948,0.9895750427,2.5953702545,0.9895750427,0.9895750427,0.03963707759976387,0.08497165888547897,0.0,0.09376183152198792,0.0,64.9921646118164,33.099998474121094
1648226251.8103502,2.0991430664,0.9905283356,2.598271637,0.9905283356,0.9905283356,0.03963707759976387,0.08497165888547897,0.0,0.09376183152198792,0.0,64.9921646118164,33.0
1648226251.879332,2.102883606,0.9927059937,2.5965479279,0.9927059937,0.9927059937,1.0313801765441895,-0.0,0.0,1.0313801765441895,0.0,-0.0,33.0
1648226251.9123452,0.9939031219,2.1114541626,2.595148468,0.9939031219,0.9939031219,0.03963707759976387,0.08497165888547897,0.0,0.09376183152198792,0.0,64.9921646118164,23.200000762939453
1648226251.974931,0.994316864,2.1110054016,2.5954415894,0.994316864,0.994316864,1.0313801765441895,-0.0,0.0,1.0313801765441895,0.0,-0.0,23.100000381469727
1648226252.0082688,0.9941560364,2.112591629,2.5952340698,0.9941560364,0.9941560364,1.0313801765441895,-0.0,0.0,1.0313801765441895,0.0,-0.0,23.100000381469727
1648226252.0755763,2.1066319275,0.9932779694,2.595178299,0.9932779694,0.9932779694,1.0313801765441895,-0.0,0.0,1.0313801765441895,0.0,-0.0,23.100000381469727
1648226252.1097376,2.1004802704,0.9914051056,2.5978838348,0.9914051056,0.9914051056,0.03963707759976387,0.08497165888547897,0.0,0.09376183152198792,0.0,64.9921646118164,23.200000762939453
1648226252.1770144,0.9896658325,2.1056384277,2.5957749176,0.9896658325,0.9896658325,0.03963707759976387,0.08497165888547897,0.0,0.09376183152198792,0.0,64.9921646118164,32.900001525878906
1648226252.2112863,2.0995088196,0.9896424866,2.5965349579,0.9896424866,0.9896424866,0.03963707759976387,0.08497165888547897,0.0,0.09376183152198792,0.0,64.9921646118164,33.0
1648226252.2755241,0.9902391052,2.1036929321,2.5950719452,0.9902391052,0.9902391052,0.03963707759976387,0.08497165888547897,0.0,0.09376183152198792,0.0,64.9921646118164,33.29999923706055
1648226252.3097277,2.0964297485,0.9892585754,2.5968903351,0.9892585754,0.9892585754,0.03963707759976387,0.08497165888547897,0.0,0.09376183152198792,0.0,64.9921646118164,33.29999923706055
1648226252.3825884,0.9880069733,2.1006787109,2.5946828461,0.9880069733,0.9880069733,1.0313801765441895,-0.0,0.0,1.0313801765441895,0.0,-0.0,33.0
1648226252.4119723,2.0982066345,0.9879278564,2.5957061768,0.9879278564,0.9879278564,0.03963707759976387,0.08497165888547897,0.0,0.09376183152198792,0.0,64.9921646118164,23.0
1648226252.475398,2.0948305511,0.9884284973,2.5968436432,0.9884284973,0.9884284973,1.0313801765441895,-0.0,0.0,1.0313801765441895,0.0,-0.0,23.200000762939453
1648226252.5086122,2.0925231934,0.9887812805,2.5954701233,0.9887812805,0.9887812805,1.0313801765441895,-0.0,0.0,1.0313801765441895,0.0,-0.0,23.899999618530273
1648226252.5792832,2.0925724792,0.9888266754,2.595141983,0.9888266754,0.9888266754,0.03963707759976387,0.08497165888547897,0.0,0.09376183152198792,0.0,64.9921646118164,23.799999237060547
1648226252.6092746,2.0933584595,0.9887981415,2.5959227753,0.9887981415,0.9887981415,1.0313801765441895,-0.0,0.0,1.0313801765441895,0.0,-0.0,24.100000381469727
1648226252.6753695,2.0958499908,0.9882962036,2.5971393585,0.9882962036,0.9882962036,1.0313801765441895,-0.0,0.0,1.0313801765441895,0.0,-0.0,23.600000381469727
1648226252.7089477,2.099309082,0.9879875183,2.5956361389,0.9879875183,0.9879875183,0.03963707759976387,0.08497165888547897,0.0,0.09376183152198792,0.0,64.9921646118164,23.200000762939453
1648226252.7787244,0.9885024261,2.0955931854,2.5946841431,0.9885024261,0.9885024261,1.0313801765441895,-0.0,0.0,1.0313801765441895,0.0,-0.0,23.200000762939453
1648226252.811614,2.0963285828,0.9893389893,2.5978462219,0.9893389893,0.9893389893,1.0313801765441895,-0.0,0.0,1.0313801765441895,0.0,-0.0,23.200000762939453
1648226252.875217,2.1036241913,0.9902572632,2.5941679382,0.9902572632,0.9902572632,0.03963707759976387,0.08497165888547897,0.0,0.09376183152198792,0.0,64.9921646118164,33.400001525878906
1648226252.9088097,2.0974349213,0.9902287292,2.5973027802,0.9902287292,0.9902287292,0.03963707759976387,0.08497165888547897,0.0,0.09376183152198792,0.0,64.9921646118164,33.400001525878906
1648226252.9753656,2.1000496674,0.9896710205,2.5961510468,0.9896710205,0.9896710205,0.03963707759976387,0.08497165888547897,0.0,0.09376183152198792,0.0,64.9921646118164,33.5
1648226253.0098102,2.1051053619,0.9897086334,2.5946906281,0.9897086334,0.9897086334,0.03963707759976387,0.08497165888547897,0.0,0.09376183152198792,0.0,64.9921646118164,33.5
1648226253.0797353,0.9898435211,2.1074490356,2.5955181122,0.9898435211,0.9898435211,0.03963707759976387,0.08497165888547897,0.0,0.09376183152198792,0.0,64.9921646118164,33.20000076293945
1648226253.109147,0.9900341797,2.1030768585,2.5961614227,0.9900341797,0.9900341797,0.03963707759976387,0.08497165888547897,0.0,0.09376183152198792,0.0,64.9921646118164,33.20000076293945
1648226253.1753283,0.9899317169,2.1061468506,2.5958203125,0.9899317169,0.9899317169,0.03963707759976387,0.08497165888547897,0.0,0.09376183152198792,0.0,64.9921646118164,33.29999923706055
1648226253.2081776,0.9896269226,2.1069911957,2.59472435,0.9896269226,0.9896269226,0.03963707759976387,0.08497165888547897,0.0,0.09376183152198792,0.0,64.9921646118164,33.29999923706055
1648226253.28121,2.1012480927,0.9895789337,2.595166626,0.9895789337,0.9895789337,0.03963707759976387,0.08497165888547897,0.0,0.09376183152198792,0.0,64.9921646118164,33.099998474121094
1648226253.313491,2.0982909393,0.9900393677,2.5973001862,0.9900393677,0.9900393677,0.03963707759976387,0.08497165888547897,0.0,0.09376183152198792,0.0,64.9921646118164,33.20000076293945
1648226253.3771138,2.1000704193,0.9904038239,2.5954078674,0.9904038239,0.9904038239,1.0308763980865479,-0.03223063051700592,0.0,1.0313800573349,0.0,-1.7907847166061401,23.100000381469727
1648226253.4090893,2.1002312469,0.9900458527,2.5949785614,0.9900458527,0.9900458527,0.03963707759976387,0.08497165888547897,0.0,0.09376183152198792,0.0,64.9921646118164,33.79999923706055
1648226253.482033,2.0960004425,0.9890406799,2.5972236633,0.9890406799,0.9890406799,0.03963707759976387,0.08497165888547897,0.0,0.09376183152198792,0.0,64.9921646118164,33.599998474121094
1648226253.5094934,2.0930056763,0.9883506775,2.5955194092,0.9883506775,0.9883506775,0.9191930890083313,-0.8702269792556763,0.0,1.265784740447998,0.0,-43.43253707885742,23.399999618530273
1648226253.5756247,0.9881509399,2.1029873657,2.5943871307,0.9881509399,0.9881509399,1.0313801765441895,-0.0,0.0,1.0313801765441895,0.0,-0.0,23.100000381469727
1648226253.608242,2.1020107269,0.9880406952,2.5943093109,0.9880406952,0.9880406952,0.03963707759976387,0.08497165888547897,0.0,0.09376183152198792,0.0,64.9921646118164,23.100000381469727
1648226253.675553,2.1008602905,0.9880264282,2.5945414734,0.9880264282,0.9880264282,0.03963707759976387,0.08497165888547897,0.0,0.09376183152198792,0.0,64.9921646118164,33.599998474121094
1648226253.714012,2.1017422485,0.9880757141,2.5944960785,0.9880757141,0.9880757141,1.0313801765441895,-0.0,0.0,1.0313801765441895,0.0,-0.0,33.599998474121094
1648226253.776221,0.9880082703,2.1034633636,2.5948073578,0.9880082703,0.9880082703,0.9191930890083313,-0.8702269792556763,0.0,1.265784740447998,0.0,-43.43253707885742,23.100000381469727
1648226253.8088958,2.0931574249,0.9882378387,2.5954960632,0.9882378387,0.9882378387,0.9191930890083313,-0.8702269792556763,0.0,1.265784740447998,0.0,-43.43253707885742,23.100000381469727
1648226253.8766966,2.0952066803,0.9888526154,2.597387085,0.9888526154,0.9888526154,1.0313801765441895,-0.0,0.0,1.0313801765441895,0.0,-0.0,23.399999618530273
1648226253.909954,2.0979563141,0.9895594788,2.5957801056,0.9895594788,0.9895594788,0.03963707759976387,0.08497165888547897,0.0,0.09376183152198792,0.0,64.9921646118164,23.0
1648226253.9773874,2.1031507874,0.9902806091,2.5941977692,0.9902806091,0.9902806091,0.03963707759976387,0.08497165888547897,0.0,0.09376183152198792,0.0,64.9921646118164,23.0
1648226254.021415,2.0989939117,0.9905231476,2.5955155182,0.9905231476,0.9905231476,0.03963707759976387,0.08497165888547897,0.0,0.09376183152198792,0.0,64.9921646118164,33.900001525878906
1648226254.0514934,2.0979122162,0.9903000641,2.5973131561,0.9903000641,0.9903000641,0.03963707759976387,0.08497165888547897,0.0,0.09376183152198792,0.0,64.9921646118164,34.0
1648226254.1089985,2.098892746,0.98991745,2.5967774963,0.98991745,0.98991745,1.0313801765441895,-0.0,0.0,1.0313801765441895,0.0,-0.0,33.900001525878906
1648226254.1808467,2.0996891022,0.9897475433,2.5959188843,0.9897475433,0.9897475433,1.0313801765441895,-0.0,0.0,1.0313801765441895,0.0,-0.0,23.0
1648226254.2123945,2.0998849487,0.9897475433,2.5958060455,0.9897475433,0.9897475433,1.0313801765441895,-0.0,0.0,1.0313801765441895,0.0,-0.0,23.100000381469727
1648226254.2493594,2.0994011688,0.9897877502,2.5963507843,0.9897877502,0.9897877502,0.03963707759976387,0.08497165888547897,0.0,0.09376183152198792,0.0,64.9921646118164,23.100000381469727
1648226254.3097222,2.098447876,0.9900225067,2.5972068024,0.9900225067,0.9900225067,1.0313801765441895,-0.0,0.0,1.0313801765441895,0.0,-0.0,23.100000381469727
1648226254.3757384,2.097533493,0.9902326202,2.5972171783,0.9902326202,0.9902326202,0.03963707759976387,0.08497165888547897,0.0,0.09376183152198792,0.0,64.9921646118164,23.0
1648226254.4089408,2.1009860992,0.9902507782,2.5952159119,0.9902507782,0.9902507782,0.03963707759976387,0.08497165888547897,0.0,0.09376183152198792,0.0,64.9921646118164,23.0
1648226254.4751883,2.1025632477,0.9901755524,2.5943521118,0.9901755524,0.9901755524,0.03963707759976387,0.08497165888547897,0.0,0.09376183152198792,0.0,64.9921646118164,23.100000381469727
1648226254.5083604,2.0983518982,0.9897060394,2.5955233002,0.9897060394,0.9897060394,0.03963707759976387,0.08497165888547897,0.0,0.09376183152198792,0.0,64.9921646118164,33.900001525878906
1648226254.5750287,2.096219635,0.9892819214,2.5970511627,0.9892819214,0.9892819214,0.9191930890083313,-0.8702269792556763,0.0,1.265784740447998,0.0,-43.43253707885742,23.700000762939453
1648226254.6084673,2.0947112274,0.9888655853,2.596934433,0.9888655853,0.9888655853,0.9191930890083313,-0.8702269792556763,0.0,1.265784740447998,0.0,-43.43253707885742,23.299999237060547
1648226254.675431,2.0935089111,0.988562088,2.5959396362,0.988562088,0.988562088,1.0313801765441895,-0.0,0.0,1.0313801765441895,0.0,-0.0,23.200000762939453
1648226254.7111216,2.0931846619,0.9884583282,2.5954740143,0.9884583282,0.9884583282,1.0313801765441895,-0.0,0.0,1.0313801765441895,0.0,-0.0,23.200000762939453
1648226254.7776523,2.0933208466,0.9884505463,2.5957450867,0.9884505463,0.9884505463,1.0313801765441895,-0.0,0.0,1.0313801765441895,0.0,-0.0,23.399999618530273
1648226254.808112,2.0939252472,0.9884868622,2.5964376831,0.9884868622,0.9884868622,1.0313801765441895,-0.0,0.0,1.0313801765441895,0.0,-0.0,23.399999618530273
1648226254.874835,2.0951535034,0.9888059235,2.5972911072,0.9888059235,0.9888059235,0.03963707759976387,0.08497165888547897,0.0,0.09376183152198792,0.0,64.9921646118164,23.100000381469727
1648226254.9083536,2.0967176819,0.9892974854,2.5973961639,0.9892974854,0.9892974854,0.9191930890083313,-0.8702269792556763,0.0,1.265784740447998,0.0,-43.43253707885742,33.599998474121094
1648226254.9768548,2.0989485168,0.9898110962,2.5953741455,0.9898110962,0.9898110962,0.03963707759976387,0.08497165888547897,0.0,0.09376183152198792,0.0,64.9921646118164,23.0
1648226255.0088143,2.1028421021,0.990335083,2.5943196869,0.990335083,0.990335083,0.03963707759976387,0.08497165888547897,0.0,0.09376183152198792,0.0,64.9921646118164,23.0
1648226255.077152,0.9904777527,2.1039199066,2.5948877716,0.9904777527,0.9904777527,0.9191930890083313,-0.8702269792556763,0.0,1.265784740447998,0.0,-43.43253707885742,23.200000762939453
1648226255.1109004,2.097974472,0.9904855347,2.5961679077,0.9904855347,0.9904855347,0.9191930890083313,-0.8702269792556763,0.0,1.265784740447998,0.0,-43.43253707885742,23.399999618530273
1648226255.1776526,2.0974336243,0.9904154968,2.596908493,0.9904154968,0.9904154968,0.9191930890083313,-0.8702269792556763,0.0,1.265784740447998,0.0,-43.43253707885742,24.299999237060547
1648226255.2105536,2.0976800537,0.9904297638,2.5970070648,0.9904297638,0.9904297638,0.9191930890083313,-0.8702269792556763,0.0,1.265784740447998,0.0,-43.43253707885742,23.899999618530273
1648226255.2752535,2.0976372528,0.9901107025,2.5975440216,0.9901107025,0.9901107025,0.03963707759976387,0.08497165888547897,0.0,0.09376183152198792,0.0,64.9921646118164,33.599998474121094
1648226255.3116195,2.0976255798,0.9901807404,2.5970641327,0.9901807404,0.9901807404,0.03963707759976387,0.08497165888547897,0.0,0.09376183152198792,0.0,64.9921646118164,33.599998474121094
1648226255.3789914,2.0974945831,0.9903143311,2.5963066864,0.9903143311,0.9903143311,0.9191930890083313,-0.8702269792556763,0.0,1.265784740447998,0.0,-43.43253707885742,33.20000076293945
1648226255.4083285,2.1007604218,0.9902974701,2.5954895782,0.9902974701,0.9902974701,0.03963707759976387,0.08497165888547897,0.0,0.09376183152198792,0.0,64.9921646118164,23.299999237060547
1648226255.474935,2.1043414307,0.9901535034,2.5944130707,0.9901535034,0.9901535034,0.9191930890083313,-0.8702269792556763,0.0,1.265784740447998,0.0,-43.43253707885742,33.400001525878906
1648226255.5119073,2.100659256,0.989909668,2.5947749329,0.989909668,0.989909668,0.03963707759976387,0.08497165888547897,0.0,0.09376183152198792,0.0,64.9921646118164,23.100000381469727
1648226255.5862455,2.0983285522,0.9897164154,2.596039505,0.9897164154,0.9897164154,0.03963707759976387,0.08497165888547897,0.0,0.09376183152198792,0.0,64.9921646118164,36.70000076293945
1648226255.6087575,2.0968694305,0.9893389893,2.5970576477,0.9893389893,0.9893389893,0.03963707759976387,0.08497165888547897,0.0,0.09376183152198792,0.0,64.9921646118164,36.70000076293945
1648226255.6809356,2.0958979797,0.9891405487,2.5972327423,0.9891405487,0.9891405487,0.03963707759976387,0.08497165888547897,0.0,0.09376183152198792,0.0,64.9921646118164,33.79999923706055
1648226255.7189019,2.0953143311,0.9890692139,2.5977826691,0.9890692139,0.9890692139,0.03963707759976387,0.08497165888547897,0.0,0.09376183152198792,0.0,64.9921646118164,33.79999923706055
1648226255.777854,2.0951781464,0.9889278412,2.5976425934,0.9889278412,0.9889278412,0.9191930890083313,-0.8702269792556763,0.0,1.265784740447998,0.0,-43.43253707885742,33.400001525878906
1648226255.8103657,2.0954323578,0.9890718079,2.5977528381,0.9890718079,0.9890718079,1.0894140005111694,1.0313801765441895,0.0,1.5001893043518066,0.2681789696216583,43.43253707885742,26.600000381469727
1648226255.8794162,2.0962585449,0.9892391205,2.5976503754,0.9892391205,0.9892391205,0.9191930890083313,-0.8702269792556763,0.0,1.265784740447998,0.0,-43.43253707885742,23.0
1648226255.9091442,2.0972455597,0.9894219971,2.5970913696,0.9894219971,0.9894219971,0.9191930890083313,-0.8702269792556763,0.0,1.265784740447998,0.0,-43.43253707885742,23.0
1648226255.97569,2.0987267303,0.9896398926,2.5957165527,0.9896398926,0.9896398926,0.03963707759976387,0.08497165888547897,0.0,0.09376183152198792,0.0,64.9921646118164,23.200000762939453
1648226256.0082881,2.1014141083,0.9900225067,2.5942042542,0.9900225067,0.9900225067,0.9191930890083313,-0.8702269792556763,0.0,1.265784740447998,0.0,-43.43253707885742,23.200000762939453
1648226256.0750275,2.1043790436,0.9904103088,2.5941614532,0.9904103088,0.9904103088,0.03963707759976387,0.08497165888547897,0.0,0.09376183152198792,0.0,64.9921646118164,23.200000762939453
1648226256.110961,0.9905672455,2.1031131744,2.5947619629,0.9905672455,0.9905672455,0.03963707759976387,0.08497165888547897,0.0,0.09376183152198792,0.0,64.9921646118164,33.599998474121094
1648226256.179794,2.0992481232,0.9903778839,2.5956413269,0.9903778839,0.9903778839,0.03963707759976387,0.08497165888547897,0.0,0.09376183152198792,0.0,64.9921646118164,23.0
1648226256.211499,2.0978746033,0.9903856659,2.5961017609,0.9903856659,0.9903856659,0.03963707759976387,0.08497165888547897,0.0,0.09376183152198792,0.0,64.9921646118164,33.70000076293945
1648226256.2765822,2.0976229858,0.9904660797,2.5961147308,0.9904660797,0.9904660797,0.03963707759976387,0.08497165888547897,0.0,0.09376183152198792,0.0,64.9921646118164,33.70000076293945
1648226256.309023,2.097983551,0.9904751587,2.5959681702,0.9904751587,0.9904751587,0.03963707759976387,0.08497165888547897,0.0,0.09376183152198792,0.0,64.9921646118164,33.5
1648226256.3756392,2.0997020721,0.9904103088,2.5954299164,0.9904103088,0.9904103088,0.03963707759976387,0.08497165888547897,0.0,0.09376183152198792,0.0,64.9921646118164,33.29999923706055
1648226256.4097488,0.9903091431,2.1043803406,2.5945505524,0.9903091431,0.9903091431,0.03963707759976387,0.08497165888547897,0.0,0.09376183152198792,0.0,64.9921646118164,33.900001525878906
1648226256.475991,2.1041455841,0.9901898193,2.5942224121,0.9901898193,0.9901898193,0.9191930890083313,-0.8702269792556763,0.0,1.265784740447998,0.0,-43.43253707885742,33.79999923706055
1648226256.5096085,2.1010444641,0.9900886536,2.594730835,0.9900886536,0.9900886536,0.9191930890083313,-0.8702269792556763,0.0,1.265784740447998,0.0,-43.43253707885742,33.79999923706055
1648226256.5771635,2.0989355469,0.989908371,2.5954882813,0.989908371,0.989908371,0.03963707759976387,0.08497165888547897,0.0,0.09376183152198792,0.0,64.9921646118164,23.0
1648226256.6088612,2.0977565765,0.9896295166,2.5965959167,0.9896295166,0.9896295166,0.03963707759976387,0.08497165888547897,0.0,0.09376183152198792,0.0,64.9921646118164,33.599998474121094
1648226256.6756256,2.0970211792,0.9895957947,2.5967736053,0.9895957947,0.9895957947,0.9191930890083313,-0.8702269792556763,0.0,1.265784740447998,0.0,-43.43253707885742,23.200000762939453
1648226256.7111926,2.0965802002,0.9893584442,2.5967865753,0.9893584442,0.9893584442,1.0313801765441895,-0.0,0.0,1.0313801765441895,0.0,-0.0,23.200000762939453
1648226256.7765024,2.0965724182,0.9892845154,2.5968423462,0.9892845154,0.9892845154,1.0313801765441895,-0.0,0.0,1.0313801765441895,0.0,-0.0,33.70000076293945
1648226256.8091552,2.0967851257,0.9894194031,2.5964558411,0.9894194031,0.9894194031,1.0313801765441895,-0.0,0.0,1.0313801765441895,0.0,-0.0,33.70000076293945
1648226256.8767874,2.0973298645,0.9896684265,2.5965544128,0.9896684265,0.9896684265,0.03963707759976387,0.08497165888547897,0.0,0.09376183152198792,0.0,64.9921646118164,33.29999923706055
1648226256.9101737,2.0980496979,0.9898500061,2.5961782837,0.9898500061,0.9898500061,0.03963707759976387,0.08497165888547897,0.0,0.09376183152198792,0.0,64.9921646118164,33.0
1648226256.9755979,2.0994893646,0.9900134277,2.5953637695,0.9900134277,0.9900134277,0.9191930890083313,-0.8702269792556763,0.0,1.265784740447998,0.0,-43.43253707885742,33.29999923706055
1648226257.008925,2.1020924377,0.9902105713,2.5944338226,0.9902105713,0.9902105713,0.03963707759976387,0.08497165888547897,0.0,0.09376183152198792,0.0,64.9921646118164,33.29999923706055
1648226257.0757277,2.104205246,0.990357132,2.5941225433,0.990357132,0.990357132,0.9191930890083313,-0.8702269792556763,0.0,1.265784740447998,0.0,-43.43253707885742,23.200000762939453
1648226257.6877866,0.9904868317,2.1046955109,2.5943132019,0.9904868317,0.9904868317,0.9191930890083313,-0.8702269792556763,0.0,1.265784740447998,0.0,-43.43253707885742,23.200000762939453
1648226257.7259183,0.9904090118,2.1030690765,2.5948748016,0.9904090118,0.9904090118,0.9191930890083313,-0.8702269792556763,0.0,1.265784740447998,0.0,-43.43253707885742,23.200000762939453
1648226257.8208365,2.0978369904,0.9896813965,2.5961380768,0.9896813965,0.9896813965,0.9191930890083313,-0.8702269792556763,0.0,1.265784740447998,0.0,-43.43253707885742,23.200000762939453
1648226257.854175,2.098455658,0.9899602509,2.5963274384,0.9899602509,0.9899602509,0.9191930890083313,-0.8702269792556763,0.0,1.265784740447998,0.0,-43.43253707885742,23.200000762939453
1648226257.9208188,2.0993739319,0.9903104401,2.5947749329,0.9903104401,0.9903104401,0.9191930890083313,-0.8702269792556763,0.0,1.265784740447998,0.0,-43.43253707885742,23.200000762939453
1648226257.9547806,2.1008369446,0.9902053833,2.5943144989,0.9902053833,0.9902053833,0.9191930890083313,-0.8702269792556763,0.0,1.265784740447998,0.0,-43.43253707885742,23.200000762939453
1648226258.0364032,2.1024465179,0.9901677704,2.5945881653,0.9901677704,0.9901677704,0.9191930890083313,-0.8702269792556763,0.0,1.265784740447998,0.0,-43.43253707885742,23.200000762939453
1648226258.05411,2.1038771057,0.9900860596,2.594261322,0.9900860596,0.9900860596,0.9191930890083313,-0.8702269792556763,0.0,1.265784740447998,0.0,-43.43253707885742,23.200000762939453
1648226258.137573,0.9901677704,2.1047370148,2.594256134,0.9901677704,0.9901677704,0.9191930890083313,-0.8702269792556763,0.0,1.265784740447998,0.0,-43.43253707885742,23.200000762939453
1648226258.173795,0.9902702332,2.1045281982,2.5946828461,0.9902702332,0.9902702332,0.9191930890083313,-0.8702269792556763,0.0,1.265784740447998,0.0,-43.43253707885742,23.200000762939453
1648226258.2207956,0.9901379395,2.104214325,2.5945349884,0.9901379395,0.9901379395,0.9191930890083313,-0.8702269792556763,0.0,1.265784740447998,0.0,-43.43253707885742,23.200000762939453
1648226258.2547722,0.9903013611,2.1043673706,2.5948229218,0.9903013611,0.9903013611,0.9191930890083313,-0.8702269792556763,0.0,1.265784740447998,0.0,-43.43253707885742,23.200000762939453
1648226258.3209684,0.9902507782,2.1050223541,2.5943469238,0.9902507782,0.9902507782,0.9191930890083313,-0.8702269792556763,0.0,1.265784740447998,0.0,-43.43253707885742,23.200000762939453
1648226258.353797,2.1044763184,0.9906230164,2.594713974,0.9906230164,0.9906230164,0.9191930890083313,-0.8702269792556763,0.0,1.265784740447998,0.0,-43.43253707885742,23.200000762939453
1648226258.4206471,2.1030081177,0.9901262665,2.594707489,0.9901262665,0.9901262665,0.9191930890083313,-0.8702269792556763,0.0,1.265784740447998,0.0,-43.43253707885742,23.200000762939453
1648226258.4541116,2.1011663818,0.9897267914,2.594713974,0.9897267914,0.9897267914,0.9191930890083313,-0.8702269792556763,0.0,1.265784740447998,0.0,-43.43253707885742,23.200000762939453
1648226258.5217307,2.0999913025,0.9898461151,2.5949733734,0.9898461151,0.9898461151,0.9191930890083313,-0.8702269792556763,0.0,1.265784740447998,0.0,-43.43253707885742,23.200000762939453
1648226258.5564675,2.0990444946,0.9900834656,2.5950550842,0.9900834656,0.9900834656,0.9191930890083313,-0.8702269792556763,0.0,1.265784740447998,0.0,-43.43253707885742,23.200000762939453
1648226258.6240232,2.0983039093,0.9895555878,2.5957295227,0.9895555878,0.9895555878,0.9191930890083313,-0.8702269792556763,0.0,1.265784740447998,0.0,-43.43253707885742,23.200000762939453
1648226258.6540668,2.0980989838,0.9897657013,2.5955531311,0.9897657013,0.9897657013,0.9191930890083313,-0.8702269792556763,0.0,1.265784740447998,0.0,-43.43253707885742,23.200000762939453
1648226258.720746,2.0980886078,0.9896593475,2.5962846375,0.9896593475,0.9896593475,0.9191930890083313,-0.8702269792556763,0.0,1.265784740447998,0.0,-43.43253707885742,23.200000762939453
1648226258.7542412,2.098440094,0.9897449493,2.5964506531,0.9897449493,0.9897449493,0.9191930890083313,-0.8702269792556763,0.0,1.265784740447998,0.0,-43.43253707885742,23.200000762939453
1648226258.821054,2.0987902832,0.9899498749,2.5957749176,0.9899498749,0.9899498749,0.9191930890083313,-0.8702269792556763,0.0,1.265784740447998,0.0,-43.43253707885742,23.200000762939453
1648226258.854566,2.0995645905,0.9897488403,2.5953715515,0.9897488403,0.9897488403,0.9191930890083313,-0.8702269792556763,0.0,1.265784740447998,0.0,-43.43253707885742,23.200000762939453
1648226258.9244661,2.1003363037,0.9896943665,2.5953196716,0.9896943665,0.9896943665,0.9191930890083313,-0.8702269792556763,0.0,1.265784740447998,0.0,-43.43253707885742,23.200000762939453
1648226258.9769669,2.1017163086,0.9901171875,2.5942483521,0.9901171875,0.9901171875,0.9191930890083313,-0.8702269792556763,0.0,1.265784740447998,0.0,-43.43253707885742,23.200000762939453
1648226259.0210922,2.1030094147,0.9901716614,2.5941653442,0.9901716614,0.9901716614,0.9191930890083313,-0.8702269792556763,0.0,1.265784740447998,0.0,-43.43253707885742,23.200000762939453
1648226259.0541492,2.1044010925,0.9901950073,2.5943196869,0.9901950073,0.9901950073,0.9191930890083313,-0.8702269792556763,0.0,1.265784740447998,0.0,-43.43253707885742,23.200000762939453
1648226259.1206155,0.9902987671,2.1050405121,2.594289856,0.9902987671,0.9902987671,0.9191930890083313,-0.8702269792556763,0.0,1.265784740447998,0.0,-43.43253707885742,23.200000762939453
1648226259.1541042,0.9901716614,2.1048848724,2.5943936157,0.9901716614,0.9901716614,0.9191930890083313,-0.8702269792556763,0.0,1.265784740447998,0.0,-43.43253707885742,23.200000762939453
1648226259.2280266,0.9902974701,2.1049665833,2.5947658539,0.9902974701,0.9902974701,0.9191930890083313,-0.8702269792556763,0.0,1.265784740447998,0.0,-43.43253707885742,23.200000762939453
1648226259.254154,0.9901003265,2.1045320892,2.5942276001,0.9901003265,0.9901003265,0.9191930890083313,-0.8702269792556763,0.0,1.265784740447998,0.0,-43.43253707885742,23.200000762939453
1648226259.3237278,2.1042817688,0.9903065491,2.5940563965,0.9903065491,0.9903065491,0.9191930890083313,-0.8702269792556763,0.0,1.265784740447998,0.0,-43.43253707885742,23.200000762939453
1648226259.3543773,2.1025788116,0.9902339172,2.5949642944,0.9902339172,0.9902339172,0.9191930890083313,-0.8702269792556763,0.0,1.265784740447998,0.0,-43.43253707885742,23.200000762939453
1648226259.421052,2.1013453674,0.9902987671,2.5949655914,0.9902987671,0.9902987671,0.9191930890083313,-0.8702269792556763,0.0,1.265784740447998,0.0,-43.43253707885742,23.200000762939453
1648226259.4539566,2.1001573181,0.9898383331,2.5948890686,0.9898383331,0.9898383331,0.9191930890083313,-0.8702269792556763,0.0,1.265784740447998,0.0,-43.43253707885742,23.200000762939453
1648226259.521445,2.0992688751,0.9898448181,2.5959162903,0.9898448181,0.9898448181,0.9191930890083313,-0.8702269792556763,0.0,1.265784740447998,0.0,-43.43253707885742,23.200000762939453
1648226259.5544596,2.0986307526,0.9895231628,2.5951977539,0.9895231628,0.9895231628,0.9191930890083313,-0.8702269792556763,0.0,1.265784740447998,0.0,-43.43253707885742,23.200000762939453
1648226259.6209946,2.0986268616,0.98991745,2.5962003326,0.98991745,0.98991745,0.9191930890083313,-0.8702269792556763,0.0,1.265784740447998,0.0,-43.43253707885742,23.200000762939453
1648226259.6627758,2.098421936,0.9899187469,2.5956244659,0.9899187469,0.9899187469,0.9191930890083313,-0.8702269792556763,0.0,1.265784740447998,0.0,-43.43253707885742,23.200000762939453
1648226259.7211385,2.0985140228,0.9897112274,2.5957619476,0.9897112274,0.9897112274,0.9191930890083313,-0.8702269792556763,0.0,1.265784740447998,0.0,-43.43253707885742,23.200000762939453
1648226259.7541356,2.0990276337,0.9893428802,2.5962794495,0.9893428802,0.9893428802,0.9191930890083313,-0.8702269792556763,0.0,1.265784740447998,0.0,-43.43253707885742,23.200000762939453
1648226259.82407,2.0997319031,0.9897436523,2.594265213,0.9897436523,0.9897436523,0.9191930890083313,-0.8702269792556763,0.0,1.265784740447998,0.0,-43.43253707885742,23.200000762939453
1648226259.855273,2.10022995,0.99034935,2.5944623566,0.99034935,0.99034935,0.9191930890083313,-0.8702269792556763,0.0,1.265784740447998,0.0,-43.43253707885742,23.200000762939453
1648226259.9351907,2.1011547089,0.9910004425,2.5945959473,0.9910004425,0.9910004425,0.9191930890083313,-0.8702269792556763,0.0,1.265784740447998,0.0,-43.43253707885742,23.200000762939453
1648226259.958726,2.1026086426,0.9895257568,2.5945479584,0.9895257568,0.9895257568,0.9191930890083313,-0.8702269792556763,0.0,1.265784740447998,0.0,-43.43253707885742,23.200000762939453
1648226260.0207477,2.1030210876,0.9900743866,2.5946620941,0.9900743866,0.9900743866,0.9191930890083313,-0.8702269792556763,0.0,1.265784740447998,0.0,-43.43253707885742,23.200000762939453
1648226260.0616105,2.1038005829,0.9905918884,2.5957723236,0.9905918884,0.9905918884,0.9191930890083313,-0.8702269792556763,0.0,1.265784740447998,0.0,-43.43253707885742,23.200000762939453
1648226260.1232347,2.1039289856,0.9903752899,2.5967502594,0.9903752899,0.9903752899,0.9191930890083313,-0.8702269792556763,0.0,1.265784740447998,0.0,-43.43253707885742,23.200000762939453
1648226260.1540859,2.1039173126,0.9905426025,2.5960174561,0.9905426025,0.9905426025,0.9191930890083313,-0.8702269792556763,0.0,1.265784740447998,0.0,-43.43253707885742,23.200000762939453
1648226260.2206838,2.1042895508,0.9911573792,2.5944078827,0.9911573792,0.9911573792,0.9191930890083313,-0.8702269792556763,0.0,1.265784740447998,0.0,-43.43253707885742,23.200000762939453
1648226260.254057,2.1030353546,0.9905036926,2.5948436737,0.9905036926,0.9905036926,0.9191930890083313,-0.8702269792556763,0.0,1.265784740447998,0.0,-43.43253707885742,23.200000762939453
1648226260.3209429,2.1021157837,0.9910925293,2.5952249908,0.9910925293,0.9910925293,0.9191930890083313,-0.8702269792556763,0.0,1.265784740447998,0.0,-43.43253707885742,23.200000762939453
1648226260.353817,2.1013713074,0.9906295013,2.5956698608,0.9906295013,0.9906295013,0.9191930890083313,-0.8702269792556763,0.0,1.265784740447998,0.0,-43.43253707885742,23.200000762939453
1648226260.4249213,2.1004232025,0.990331192,2.5946815491,0.990331192,0.990331192,0.9191930890083313,-0.8702269792556763,0.0,1.265784740447998,0.0,-43.43253707885742,23.200000762939453
1648226260.455881,2.0998175049,0.9901431274,2.5957671356,0.9901431274,0.9901431274,0.9191930890083313,-0.8702269792556763,0.0,1.265784740447998,0.0,-43.43253707885742,23.200000762939453
1648226260.5208888,2.0991236115,0.9896645355,2.5964597321,0.9896645355,0.9896645355,0.9191930890083313,-0.8702269792556763,0.0,1.265784740447998,0.0,-43.43253707885742,23.200000762939453
1648226260.5540347,2.0988006592,0.9892728424,2.595603714,0.9892728424,0.9892728424,0.9191930890083313,-0.8702269792556763,0.0,1.265784740447998,0.0,-43.43253707885742,23.200000762939453
